-2017725.0,-2017725.0,-2017725.0,-2017725.0,-2017725.0,-2017725.0,-2017725.0,-2017725.0,-2017725.0,-2017725.0,-2017725.0,-2017725.0,-2017725.0,-2017725.0,-2017725.0,-2017725.0,-2017725.0,-2017725.0,-2017725.0,-2017725.0,-2017725.0,-2017725.0,-2017725.0,-2017725.0,-2017725.0,-2017725.0,-2017725.0,-2017725.0,-2017725.0,-2017725.0,-2017725.0,-2017725.0,-2017725.0,-2017725.0,-2017725.0,-2017725.0,-2017725.0,-2017725.0,-2017725.0,-2017725.0,-2017725.0,-2017725.0,-2017725.0,-2017725.0,-2017725.0,-2017725.0,-2017725.0,-2017725.0,-2017725.0,-2017725.0,-2017725.0,-2017725.0
-2017755.0,-2017755.0,-2017755.0,-2017755.0,-2017755.0,-2017755.0,-2017755.0,-2017755.0,-2017755.0,-2017755.0,-2017755.0,-2017755.0,-2017755.0,-2017755.0,-2017755.0,-2017755.0,-2017755.0,-2017755.0,-2017755.0,-2017755.0,-2017755.0,-2017755.0,-2017755.0,-2017755.0,-2017755.0,-2017755.0,-2017755.0,-2017755.0,-2017755.0,-2017755.0,-2017755.0,-2017755.0,-2017755.0,-2017755.0,-2017755.0,-2017755.0,-2017755.0,-2017755.0,-2017755.0,-2017755.0,-2017755.0,-2017755.0,-2017755.0,-2017755.0,-2017755.0,-2017755.0,-2017755.0,-2017755.0,-2017755.0,-2017755.0,-2017755.0,-2017755.0
-2017785.0,-2017785.0,-2017785.0,-2017785.0,-2017785.0,-2017785.0,-2017785.0,-2017785.0,-2017785.0,-2017785.0,-2017785.0,-2017785.0,-2017785.0,-2017785.0,-2017785.0,-2017785.0,-2017785.0,-2017785.0,-2017785.0,-2017785.0,-2017785.0,-2017785.0,-2017785.0,-2017785.0,-2017785.0,-2017785.0,-2017785.0,-2017785.0,-2017785.0,-2017785.0,-2017785.0,-2017785.0,-2017785.0,-2017785.0,-2017785.0,-2017785.0,-2017785.0,-2017785.0,-2017785.0,-2017785.0,-2017785.0,-2017785.0,-2017785.0,-2017785.0,-2017785.0,-2017785.0,-2017785.0,-2017785.0,-2017785.0,-2017785.0,-2017785.0,-2017785.0
-2017815.0,-2017815.0,-2017815.0,-2017815.0,-2017815.0,-2017815.0,-2017815.0,-2017815.0,-2017815.0,-2017815.0,-2017815.0,-2017815.0,-2017815.0,-2017815.0,-2017815.0,-2017815.0,-2017815.0,-2017815.0,-2017815.0,-2017815.0,-2017815.0,-2017815.0,-2017815.0,-2017815.0,-2017815.0,-2017815.0,-2017815.0,-2017815.0,-2017815.0,-2017815.0,-2017815.0,-2017815.0,-2017815.0,-2017815.0,-2017815.0,-2017815.0,-2017815.0,-2017815.0,-2017815.0,-2017815.0,-2017815.0,-2017815.0,-2017815.0,-2017815.0,-2017815.0,-2017815.0,-2017815.0,-2017815.0,-2017815.0,-2017815.0,-2017815.0,-2017815.0
-2017845.0,-2017845.0,-2017845.0,-2017845.0,-2017845.0,-2017845.0,-2017845.0,-2017845.0,-2017845.0,-2017845.0,-2017845.0,-2017845.0,-2017845.0,-2017845.0,-2017845.0,-2017845.0,-2017845.0,-2017845.0,-2017845.0,-2017845.0,-2017845.0,-2017845.0,-2017845.0,-2017845.0,-2017845.0,-2017845.0,-2017845.0,-2017845.0,-2017845.0,-2017845.0,-2017845.0,-2017845.0,-2017845.0,-2017845.0,-2017845.0,-2017845.0,-2017845.0,-2017845.0,-2017845.0,-2017845.0,-2017845.0,-2017845.0,-2017845.0,-2017845.0,-2017845.0,-2017845.0,-2017845.0,-2017845.0,-2017845.0,-2017845.0,-2017845.0,-2017845.0
-2017875.0,-2017875.0,-2017875.0,-2017875.0,-2017875.0,-2017875.0,-2017875.0,-2017875.0,-2017875.0,-2017875.0,-2017875.0,-2017875.0,-2017875.0,-2017875.0,-2017875.0,-2017875.0,-2017875.0,-2017875.0,-2017875.0,-2017875.0,-2017875.0,-2017875.0,-2017875.0,-2017875.0,-2017875.0,-2017875.0,-2017875.0,-2017875.0,-2017875.0,-2017875.0,-2017875.0,-2017875.0,-2017875.0,-2017875.0,-2017875.0,-2017875.0,-2017875.0,-2017875.0,-2017875.0,-2017875.0,-2017875.0,-2017875.0,-2017875.0,-2017875.0,-2017875.0,-2017875.0,-2017875.0,-2017875.0,-2017875.0,-2017875.0,-2017875.0,-2017875.0
-2017905.0,-2017905.0,-2017905.0,-2017905.0,-2017905.0,-2017905.0,-2017905.0,-2017905.0,-2017905.0,-2017905.0,-2017905.0,-2017905.0,-2017905.0,-2017905.0,-2017905.0,-2017905.0,-2017905.0,-2017905.0,-2017905.0,-2017905.0,-2017905.0,-2017905.0,-2017905.0,-2017905.0,-2017905.0,-2017905.0,-2017905.0,-2017905.0,-2017905.0,-2017905.0,-2017905.0,-2017905.0,-2017905.0,-2017905.0,-2017905.0,-2017905.0,-2017905.0,-2017905.0,-2017905.0,-2017905.0,-2017905.0,-2017905.0,-2017905.0,-2017905.0,-2017905.0,-2017905.0,-2017905.0,-2017905.0,-2017905.0,-2017905.0,-2017905.0,-2017905.0
-2017935.0,-2017935.0,-2017935.0,-2017935.0,-2017935.0,-2017935.0,-2017935.0,-2017935.0,-2017935.0,-2017935.0,-2017935.0,-2017935.0,-2017935.0,-2017935.0,-2017935.0,-2017935.0,-2017935.0,-2017935.0,-2017935.0,-2017935.0,-2017935.0,-2017935.0,-2017935.0,-2017935.0,-2017935.0,-2017935.0,-2017935.0,-2017935.0,-2017935.0,-2017935.0,-2017935.0,-2017935.0,-2017935.0,-2017935.0,-2017935.0,-2017935.0,-2017935.0,-2017935.0,-2017935.0,-2017935.0,-2017935.0,-2017935.0,-2017935.0,-2017935.0,-2017935.0,-2017935.0,-2017935.0,-2017935.0,-2017935.0,-2017935.0,-2017935.0,-2017935.0
-2017965.0,-2017965.0,-2017965.0,-2017965.0,-2017965.0,-2017965.0,-2017965.0,-2017965.0,-2017965.0,-2017965.0,-2017965.0,-2017965.0,-2017965.0,-2017965.0,-2017965.0,-2017965.0,-2017965.0,-2017965.0,-2017965.0,-2017965.0,-2017965.0,-2017965.0,-2017965.0,-2017965.0,-2017965.0,-2017965.0,-2017965.0,-2017965.0,-2017965.0,-2017965.0,-2017965.0,-2017965.0,-2017965.0,-2017965.0,-2017965.0,-2017965.0,-2017965.0,-2017965.0,-2017965.0,-2017965.0,-2017965.0,-2017965.0,-2017965.0,-2017965.0,-2017965.0,-2017965.0,-2017965.0,-2017965.0,-2017965.0,-2017965.0,-2017965.0,-2017965.0
-2017995.0,-2017995.0,-2017995.0,-2017995.0,-2017995.0,-2017995.0,-2017995.0,-2017995.0,-2017995.0,-2017995.0,-2017995.0,-2017995.0,-2017995.0,-2017995.0,-2017995.0,-2017995.0,-2017995.0,-2017995.0,-2017995.0,-2017995.0,-2017995.0,-2017995.0,-2017995.0,-2017995.0,-2017995.0,-2017995.0,-2017995.0,-2017995.0,-2017995.0,-2017995.0,-2017995.0,-2017995.0,-2017995.0,-2017995.0,-2017995.0,-2017995.0,-2017995.0,-2017995.0,-2017995.0,-2017995.0,-2017995.0,-2017995.0,-2017995.0,-2017995.0,-2017995.0,-2017995.0,-2017995.0,-2017995.0,-2017995.0,-2017995.0,-2017995.0,-2017995.0
-2018025.0,-2018025.0,-2018025.0,-2018025.0,-2018025.0,-2018025.0,-2018025.0,-2018025.0,-2018025.0,-2018025.0,-2018025.0,-2018025.0,-2018025.0,-2018025.0,-2018025.0,-2018025.0,-2018025.0,-2018025.0,-2018025.0,-2018025.0,-2018025.0,-2018025.0,-2018025.0,-2018025.0,-2018025.0,-2018025.0,-2018025.0,-2018025.0,-2018025.0,-2018025.0,-2018025.0,-2018025.0,-2018025.0,-2018025.0,-2018025.0,-2018025.0,-2018025.0,-2018025.0,-2018025.0,-2018025.0,-2018025.0,-2018025.0,-2018025.0,-2018025.0,-2018025.0,-2018025.0,-2018025.0,-2018025.0,-2018025.0,-2018025.0,-2018025.0,-2018025.0
-2018055.0,-2018055.0,-2018055.0,-2018055.0,-2018055.0,-2018055.0,-2018055.0,-2018055.0,-2018055.0,-2018055.0,-2018055.0,-2018055.0,-2018055.0,-2018055.0,-2018055.0,-2018055.0,-2018055.0,-2018055.0,-2018055.0,-2018055.0,-2018055.0,-2018055.0,-2018055.0,-2018055.0,-2018055.0,-2018055.0,-2018055.0,-2018055.0,-2018055.0,-2018055.0,-2018055.0,-2018055.0,-2018055.0,-2018055.0,-2018055.0,-2018055.0,-2018055.0,-2018055.0,-2018055.0,-2018055.0,-2018055.0,-2018055.0,-2018055.0,-2018055.0,-2018055.0,-2018055.0,-2018055.0,-2018055.0,-2018055.0,-2018055.0,-2018055.0,-2018055.0
-2018085.0,-2018085.0,-2018085.0,-2018085.0,-2018085.0,-2018085.0,-2018085.0,-2018085.0,-2018085.0,-2018085.0,-2018085.0,-2018085.0,-2018085.0,-2018085.0,-2018085.0,-2018085.0,-2018085.0,-2018085.0,-2018085.0,-2018085.0,-2018085.0,-2018085.0,-2018085.0,-2018085.0,-2018085.0,-2018085.0,-2018085.0,-2018085.0,-2018085.0,-2018085.0,-2018085.0,-2018085.0,-2018085.0,-2018085.0,-2018085.0,-2018085.0,-2018085.0,-2018085.0,-2018085.0,-2018085.0,-2018085.0,-2018085.0,-2018085.0,-2018085.0,-2018085.0,-2018085.0,-2018085.0,-2018085.0,-2018085.0,-2018085.0,-2018085.0,-2018085.0
-2018115.0,-2018115.0,-2018115.0,-2018115.0,-2018115.0,-2018115.0,-2018115.0,-2018115.0,-2018115.0,-2018115.0,-2018115.0,-2018115.0,-2018115.0,-2018115.0,-2018115.0,-2018115.0,-2018115.0,-2018115.0,-2018115.0,-2018115.0,-2018115.0,-2018115.0,-2018115.0,-2018115.0,-2018115.0,-2018115.0,-2018115.0,-2018115.0,-2018115.0,-2018115.0,-2018115.0,-2018115.0,-2018115.0,-2018115.0,-2018115.0,-2018115.0,-2018115.0,-2018115.0,-2018115.0,-2018115.0,-2018115.0,-2018115.0,-2018115.0,-2018115.0,-2018115.0,-2018115.0,-2018115.0,-2018115.0,-2018115.0,-2018115.0,-2018115.0,-2018115.0
-2018145.0,-2018145.0,-2018145.0,-2018145.0,-2018145.0,-2018145.0,-2018145.0,-2018145.0,-2018145.0,-2018145.0,-2018145.0,-2018145.0,-2018145.0,-2018145.0,-2018145.0,-2018145.0,-2018145.0,-2018145.0,-2018145.0,-2018145.0,-2018145.0,-2018145.0,-2018145.0,-2018145.0,-2018145.0,-2018145.0,-2018145.0,-2018145.0,-2018145.0,-2018145.0,-2018145.0,-2018145.0,-2018145.0,-2018145.0,-2018145.0,-2018145.0,-2018145.0,-2018145.0,-2018145.0,-2018145.0,-2018145.0,-2018145.0,-2018145.0,-2018145.0,-2018145.0,-2018145.0,-2018145.0,-2018145.0,-2018145.0,-2018145.0,-2018145.0,-2018145.0
-2018175.0,-2018175.0,-2018175.0,-2018175.0,-2018175.0,-2018175.0,-2018175.0,-2018175.0,-2018175.0,-2018175.0,-2018175.0,-2018175.0,-2018175.0,-2018175.0,-2018175.0,-2018175.0,-2018175.0,-2018175.0,-2018175.0,-2018175.0,-2018175.0,-2018175.0,-2018175.0,-2018175.0,-2018175.0,-2018175.0,-2018175.0,-2018175.0,-2018175.0,-2018175.0,-2018175.0,-2018175.0,-2018175.0,-2018175.0,-2018175.0,-2018175.0,-2018175.0,-2018175.0,-2018175.0,-2018175.0,-2018175.0,-2018175.0,-2018175.0,-2018175.0,-2018175.0,-2018175.0,-2018175.0,-2018175.0,-2018175.0,-2018175.0,-2018175.0,-2018175.0
-2018205.0,-2018205.0,-2018205.0,-2018205.0,-2018205.0,-2018205.0,-2018205.0,-2018205.0,-2018205.0,-2018205.0,-2018205.0,-2018205.0,-2018205.0,-2018205.0,-2018205.0,-2018205.0,-2018205.0,-2018205.0,-2018205.0,-2018205.0,-2018205.0,-2018205.0,-2018205.0,-2018205.0,-2018205.0,-2018205.0,-2018205.0,-2018205.0,-2018205.0,-2018205.0,-2018205.0,-2018205.0,-2018205.0,-2018205.0,-2018205.0,-2018205.0,-2018205.0,-2018205.0,-2018205.0,-2018205.0,-2018205.0,-2018205.0,-2018205.0,-2018205.0,-2018205.0,-2018205.0,-2018205.0,-2018205.0,-2018205.0,-2018205.0,-2018205.0,-2018205.0
-2018235.0,-2018235.0,-2018235.0,-2018235.0,-2018235.0,-2018235.0,-2018235.0,-2018235.0,-2018235.0,-2018235.0,-2018235.0,-2018235.0,-2018235.0,-2018235.0,-2018235.0,-2018235.0,-2018235.0,-2018235.0,-2018235.0,-2018235.0,-2018235.0,-2018235.0,-2018235.0,-2018235.0,-2018235.0,-2018235.0,-2018235.0,-2018235.0,-2018235.0,-2018235.0,-2018235.0,-2018235.0,-2018235.0,-2018235.0,-2018235.0,-2018235.0,-2018235.0,-2018235.0,-2018235.0,-2018235.0,-2018235.0,-2018235.0,-2018235.0,-2018235.0,-2018235.0,-2018235.0,-2018235.0,-2018235.0,-2018235.0,-2018235.0,-2018235.0,-2018235.0
-2018265.0,-2018265.0,-2018265.0,-2018265.0,-2018265.0,-2018265.0,-2018265.0,-2018265.0,-2018265.0,-2018265.0,-2018265.0,-2018265.0,-2018265.0,-2018265.0,-2018265.0,-2018265.0,-2018265.0,-2018265.0,-2018265.0,-2018265.0,-2018265.0,-2018265.0,-2018265.0,-2018265.0,-2018265.0,-2018265.0,-2018265.0,-2018265.0,-2018265.0,-2018265.0,-2018265.0,-2018265.0,-2018265.0,-2018265.0,-2018265.0,-2018265.0,-2018265.0,-2018265.0,-2018265.0,-2018265.0,-2018265.0,-2018265.0,-2018265.0,-2018265.0,-2018265.0,-2018265.0,-2018265.0,-2018265.0,-2018265.0,-2018265.0,-2018265.0,-2018265.0
-2018295.0,-2018295.0,-2018295.0,-2018295.0,-2018295.0,-2018295.0,-2018295.0,-2018295.0,-2018295.0,-2018295.0,-2018295.0,-2018295.0,-2018295.0,-2018295.0,-2018295.0,-2018295.0,-2018295.0,-2018295.0,-2018295.0,-2018295.0,-2018295.0,-2018295.0,-2018295.0,-2018295.0,-2018295.0,-2018295.0,-2018295.0,-2018295.0,-2018295.0,-2018295.0,-2018295.0,-2018295.0,-2018295.0,-2018295.0,-2018295.0,-2018295.0,-2018295.0,-2018295.0,-2018295.0,-2018295.0,-2018295.0,-2018295.0,-2018295.0,-2018295.0,-2018295.0,-2018295.0,-2018295.0,-2018295.0,-2018295.0,-2018295.0,-2018295.0,-2018295.0
-2018325.0,-2018325.0,-2018325.0,-2018325.0,-2018325.0,-2018325.0,-2018325.0,-2018325.0,-2018325.0,-2018325.0,-2018325.0,-2018325.0,-2018325.0,-2018325.0,-2018325.0,-2018325.0,-2018325.0,-2018325.0,-2018325.0,-2018325.0,-2018325.0,-2018325.0,-2018325.0,-2018325.0,-2018325.0,-2018325.0,-2018325.0,-2018325.0,-2018325.0,-2018325.0,-2018325.0,-2018325.0,-2018325.0,-2018325.0,-2018325.0,-2018325.0,-2018325.0,-2018325.0,-2018325.0,-2018325.0,-2018325.0,-2018325.0,-2018325.0,-2018325.0,-2018325.0,-2018325.0,-2018325.0,-2018325.0,-2018325.0,-2018325.0,-2018325.0,-2018325.0
-2018355.0,-2018355.0,-2018355.0,-2018355.0,-2018355.0,-2018355.0,-2018355.0,-2018355.0,-2018355.0,-2018355.0,-2018355.0,-2018355.0,-2018355.0,-2018355.0,-2018355.0,-2018355.0,-2018355.0,-2018355.0,-2018355.0,-2018355.0,-2018355.0,-2018355.0,-2018355.0,-2018355.0,-2018355.0,-2018355.0,-2018355.0,-2018355.0,-2018355.0,-2018355.0,-2018355.0,-2018355.0,-2018355.0,-2018355.0,-2018355.0,-2018355.0,-2018355.0,-2018355.0,-2018355.0,-2018355.0,-2018355.0,-2018355.0,-2018355.0,-2018355.0,-2018355.0,-2018355.0,-2018355.0,-2018355.0,-2018355.0,-2018355.0,-2018355.0,-2018355.0
-2018385.0,-2018385.0,-2018385.0,-2018385.0,-2018385.0,-2018385.0,-2018385.0,-2018385.0,-2018385.0,-2018385.0,-2018385.0,-2018385.0,-2018385.0,-2018385.0,-2018385.0,-2018385.0,-2018385.0,-2018385.0,-2018385.0,-2018385.0,-2018385.0,-2018385.0,-2018385.0,-2018385.0,-2018385.0,-2018385.0,-2018385.0,-2018385.0,-2018385.0,-2018385.0,-2018385.0,-2018385.0,-2018385.0,-2018385.0,-2018385.0,-2018385.0,-2018385.0,-2018385.0,-2018385.0,-2018385.0,-2018385.0,-2018385.0,-2018385.0,-2018385.0,-2018385.0,-2018385.0,-2018385.0,-2018385.0,-2018385.0,-2018385.0,-2018385.0,-2018385.0
-2018415.0,-2018415.0,-2018415.0,-2018415.0,-2018415.0,-2018415.0,-2018415.0,-2018415.0,-2018415.0,-2018415.0,-2018415.0,-2018415.0,-2018415.0,-2018415.0,-2018415.0,-2018415.0,-2018415.0,-2018415.0,-2018415.0,-2018415.0,-2018415.0,-2018415.0,-2018415.0,-2018415.0,-2018415.0,-2018415.0,-2018415.0,-2018415.0,-2018415.0,-2018415.0,-2018415.0,-2018415.0,-2018415.0,-2018415.0,-2018415.0,-2018415.0,-2018415.0,-2018415.0,-2018415.0,-2018415.0,-2018415.0,-2018415.0,-2018415.0,-2018415.0,-2018415.0,-2018415.0,-2018415.0,-2018415.0,-2018415.0,-2018415.0,-2018415.0,-2018415.0
-2018445.0,-2018445.0,-2018445.0,-2018445.0,-2018445.0,-2018445.0,-2018445.0,-2018445.0,-2018445.0,-2018445.0,-2018445.0,-2018445.0,-2018445.0,-2018445.0,-2018445.0,-2018445.0,-2018445.0,-2018445.0,-2018445.0,-2018445.0,-2018445.0,-2018445.0,-2018445.0,-2018445.0,-2018445.0,-2018445.0,-2018445.0,-2018445.0,-2018445.0,-2018445.0,-2018445.0,-2018445.0,-2018445.0,-2018445.0,-2018445.0,-2018445.0,-2018445.0,-2018445.0,-2018445.0,-2018445.0,-2018445.0,-2018445.0,-2018445.0,-2018445.0,-2018445.0,-2018445.0,-2018445.0,-2018445.0,-2018445.0,-2018445.0,-2018445.0,-2018445.0
-2018475.0,-2018475.0,-2018475.0,-2018475.0,-2018475.0,-2018475.0,-2018475.0,-2018475.0,-2018475.0,-2018475.0,-2018475.0,-2018475.0,-2018475.0,-2018475.0,-2018475.0,-2018475.0,-2018475.0,-2018475.0,-2018475.0,-2018475.0,-2018475.0,-2018475.0,-2018475.0,-2018475.0,-2018475.0,-2018475.0,-2018475.0,-2018475.0,-2018475.0,-2018475.0,-2018475.0,-2018475.0,-2018475.0,-2018475.0,-2018475.0,-2018475.0,-2018475.0,-2018475.0,-2018475.0,-2018475.0,-2018475.0,-2018475.0,-2018475.0,-2018475.0,-2018475.0,-2018475.0,-2018475.0,-2018475.0,-2018475.0,-2018475.0,-2018475.0,-2018475.0
-2018505.0,-2018505.0,-2018505.0,-2018505.0,-2018505.0,-2018505.0,-2018505.0,-2018505.0,-2018505.0,-2018505.0,-2018505.0,-2018505.0,-2018505.0,-2018505.0,-2018505.0,-2018505.0,-2018505.0,-2018505.0,-2018505.0,-2018505.0,-2018505.0,-2018505.0,-2018505.0,-2018505.0,-2018505.0,-2018505.0,-2018505.0,-2018505.0,-2018505.0,-2018505.0,-2018505.0,-2018505.0,-2018505.0,-2018505.0,-2018505.0,-2018505.0,-2018505.0,-2018505.0,-2018505.0,-2018505.0,-2018505.0,-2018505.0,-2018505.0,-2018505.0,-2018505.0,-2018505.0,-2018505.0,-2018505.0,-2018505.0,-2018505.0,-2018505.0,-2018505.0
-2018535.0,-2018535.0,-2018535.0,-2018535.0,-2018535.0,-2018535.0,-2018535.0,-2018535.0,-2018535.0,-2018535.0,-2018535.0,-2018535.0,-2018535.0,-2018535.0,-2018535.0,-2018535.0,-2018535.0,-2018535.0,-2018535.0,-2018535.0,-2018535.0,-2018535.0,-2018535.0,-2018535.0,-2018535.0,-2018535.0,-2018535.0,-2018535.0,-2018535.0,-2018535.0,-2018535.0,-2018535.0,-2018535.0,-2018535.0,-2018535.0,-2018535.0,-2018535.0,-2018535.0,-2018535.0,-2018535.0,-2018535.0,-2018535.0,-2018535.0,-2018535.0,-2018535.0,-2018535.0,-2018535.0,-2018535.0,-2018535.0,-2018535.0,-2018535.0,-2018535.0
-2018565.0,-2018565.0,-2018565.0,-2018565.0,-2018565.0,-2018565.0,-2018565.0,-2018565.0,-2018565.0,-2018565.0,-2018565.0,-2018565.0,-2018565.0,-2018565.0,-2018565.0,-2018565.0,-2018565.0,-2018565.0,-2018565.0,-2018565.0,-2018565.0,-2018565.0,-2018565.0,-2018565.0,-2018565.0,-2018565.0,-2018565.0,-2018565.0,-2018565.0,-2018565.0,-2018565.0,-2018565.0,-2018565.0,-2018565.0,-2018565.0,-2018565.0,-2018565.0,-2018565.0,-2018565.0,-2018565.0,-2018565.0,-2018565.0,-2018565.0,-2018565.0,-2018565.0,-2018565.0,-2018565.0,-2018565.0,-2018565.0,-2018565.0,-2018565.0,-2018565.0
-2018595.0,-2018595.0,-2018595.0,-2018595.0,-2018595.0,-2018595.0,-2018595.0,-2018595.0,-2018595.0,-2018595.0,-2018595.0,-2018595.0,-2018595.0,-2018595.0,-2018595.0,-2018595.0,-2018595.0,-2018595.0,-2018595.0,-2018595.0,-2018595.0,-2018595.0,-2018595.0,-2018595.0,-2018595.0,-2018595.0,-2018595.0,-2018595.0,-2018595.0,-2018595.0,-2018595.0,-2018595.0,-2018595.0,-2018595.0,-2018595.0,-2018595.0,-2018595.0,-2018595.0,-2018595.0,-2018595.0,-2018595.0,-2018595.0,-2018595.0,-2018595.0,-2018595.0,-2018595.0,-2018595.0,-2018595.0,-2018595.0,-2018595.0,-2018595.0,-2018595.0
-2018625.0,-2018625.0,-2018625.0,-2018625.0,-2018625.0,-2018625.0,-2018625.0,-2018625.0,-2018625.0,-2018625.0,-2018625.0,-2018625.0,-2018625.0,-2018625.0,-2018625.0,-2018625.0,-2018625.0,-2018625.0,-2018625.0,-2018625.0,-2018625.0,-2018625.0,-2018625.0,-2018625.0,-2018625.0,-2018625.0,-2018625.0,-2018625.0,-2018625.0,-2018625.0,-2018625.0,-2018625.0,-2018625.0,-2018625.0,-2018625.0,-2018625.0,-2018625.0,-2018625.0,-2018625.0,-2018625.0,-2018625.0,-2018625.0,-2018625.0,-2018625.0,-2018625.0,-2018625.0,-2018625.0,-2018625.0,-2018625.0,-2018625.0,-2018625.0,-2018625.0
-2018655.0,-2018655.0,-2018655.0,-2018655.0,-2018655.0,-2018655.0,-2018655.0,-2018655.0,-2018655.0,-2018655.0,-2018655.0,-2018655.0,-2018655.0,-2018655.0,-2018655.0,-2018655.0,-2018655.0,-2018655.0,-2018655.0,-2018655.0,-2018655.0,-2018655.0,-2018655.0,-2018655.0,-2018655.0,-2018655.0,-2018655.0,-2018655.0,-2018655.0,-2018655.0,-2018655.0,-2018655.0,-2018655.0,-2018655.0,-2018655.0,-2018655.0,-2018655.0,-2018655.0,-2018655.0,-2018655.0,-2018655.0,-2018655.0,-2018655.0,-2018655.0,-2018655.0,-2018655.0,-2018655.0,-2018655.0,-2018655.0,-2018655.0,-2018655.0,-2018655.0
-2018685.0,-2018685.0,-2018685.0,-2018685.0,-2018685.0,-2018685.0,-2018685.0,-2018685.0,-2018685.0,-2018685.0,-2018685.0,-2018685.0,-2018685.0,-2018685.0,-2018685.0,-2018685.0,-2018685.0,-2018685.0,-2018685.0,-2018685.0,-2018685.0,-2018685.0,-2018685.0,-2018685.0,-2018685.0,-2018685.0,-2018685.0,-2018685.0,-2018685.0,-2018685.0,-2018685.0,-2018685.0,-2018685.0,-2018685.0,-2018685.0,-2018685.0,-2018685.0,-2018685.0,-2018685.0,-2018685.0,-2018685.0,-2018685.0,-2018685.0,-2018685.0,-2018685.0,-2018685.0,-2018685.0,-2018685.0,-2018685.0,-2018685.0,-2018685.0,-2018685.0
-2018715.0,-2018715.0,-2018715.0,-2018715.0,-2018715.0,-2018715.0,-2018715.0,-2018715.0,-2018715.0,-2018715.0,-2018715.0,-2018715.0,-2018715.0,-2018715.0,-2018715.0,-2018715.0,-2018715.0,-2018715.0,-2018715.0,-2018715.0,-2018715.0,-2018715.0,-2018715.0,-2018715.0,-2018715.0,-2018715.0,-2018715.0,-2018715.0,-2018715.0,-2018715.0,-2018715.0,-2018715.0,-2018715.0,-2018715.0,-2018715.0,-2018715.0,-2018715.0,-2018715.0,-2018715.0,-2018715.0,-2018715.0,-2018715.0,-2018715.0,-2018715.0,-2018715.0,-2018715.0,-2018715.0,-2018715.0,-2018715.0,-2018715.0,-2018715.0,-2018715.0
-2018745.0,-2018745.0,-2018745.0,-2018745.0,-2018745.0,-2018745.0,-2018745.0,-2018745.0,-2018745.0,-2018745.0,-2018745.0,-2018745.0,-2018745.0,-2018745.0,-2018745.0,-2018745.0,-2018745.0,-2018745.0,-2018745.0,-2018745.0,-2018745.0,-2018745.0,-2018745.0,-2018745.0,-2018745.0,-2018745.0,-2018745.0,-2018745.0,-2018745.0,-2018745.0,-2018745.0,-2018745.0,-2018745.0,-2018745.0,-2018745.0,-2018745.0,-2018745.0,-2018745.0,-2018745.0,-2018745.0,-2018745.0,-2018745.0,-2018745.0,-2018745.0,-2018745.0,-2018745.0,-2018745.0,-2018745.0,-2018745.0,-2018745.0,-2018745.0,-2018745.0
-2018775.0,-2018775.0,-2018775.0,-2018775.0,-2018775.0,-2018775.0,-2018775.0,-2018775.0,-2018775.0,-2018775.0,-2018775.0,-2018775.0,-2018775.0,-2018775.0,-2018775.0,-2018775.0,-2018775.0,-2018775.0,-2018775.0,-2018775.0,-2018775.0,-2018775.0,-2018775.0,-2018775.0,-2018775.0,-2018775.0,-2018775.0,-2018775.0,-2018775.0,-2018775.0,-2018775.0,-2018775.0,-2018775.0,-2018775.0,-2018775.0,-2018775.0,-2018775.0,-2018775.0,-2018775.0,-2018775.0,-2018775.0,-2018775.0,-2018775.0,-2018775.0,-2018775.0,-2018775.0,-2018775.0,-2018775.0,-2018775.0,-2018775.0,-2018775.0,-2018775.0
-2018805.0,-2018805.0,-2018805.0,-2018805.0,-2018805.0,-2018805.0,-2018805.0,-2018805.0,-2018805.0,-2018805.0,-2018805.0,-2018805.0,-2018805.0,-2018805.0,-2018805.0,-2018805.0,-2018805.0,-2018805.0,-2018805.0,-2018805.0,-2018805.0,-2018805.0,-2018805.0,-2018805.0,-2018805.0,-2018805.0,-2018805.0,-2018805.0,-2018805.0,-2018805.0,-2018805.0,-2018805.0,-2018805.0,-2018805.0,-2018805.0,-2018805.0,-2018805.0,-2018805.0,-2018805.0,-2018805.0,-2018805.0,-2018805.0,-2018805.0,-2018805.0,-2018805.0,-2018805.0,-2018805.0,-2018805.0,-2018805.0,-2018805.0,-2018805.0,-2018805.0
-2018835.0,-2018835.0,-2018835.0,-2018835.0,-2018835.0,-2018835.0,-2018835.0,-2018835.0,-2018835.0,-2018835.0,-2018835.0,-2018835.0,-2018835.0,-2018835.0,-2018835.0,-2018835.0,-2018835.0,-2018835.0,-2018835.0,-2018835.0,-2018835.0,-2018835.0,-2018835.0,-2018835.0,-2018835.0,-2018835.0,-2018835.0,-2018835.0,-2018835.0,-2018835.0,-2018835.0,-2018835.0,-2018835.0,-2018835.0,-2018835.0,-2018835.0,-2018835.0,-2018835.0,-2018835.0,-2018835.0,-2018835.0,-2018835.0,-2018835.0,-2018835.0,-2018835.0,-2018835.0,-2018835.0,-2018835.0,-2018835.0,-2018835.0,-2018835.0,-2018835.0
-2018865.0,-2018865.0,-2018865.0,-2018865.0,-2018865.0,-2018865.0,-2018865.0,-2018865.0,-2018865.0,-2018865.0,-2018865.0,-2018865.0,-2018865.0,-2018865.0,-2018865.0,-2018865.0,-2018865.0,-2018865.0,-2018865.0,-2018865.0,-2018865.0,-2018865.0,-2018865.0,-2018865.0,-2018865.0,-2018865.0,-2018865.0,-2018865.0,-2018865.0,-2018865.0,-2018865.0,-2018865.0,-2018865.0,-2018865.0,-2018865.0,-2018865.0,-2018865.0,-2018865.0,-2018865.0,-2018865.0,-2018865.0,-2018865.0,-2018865.0,-2018865.0,-2018865.0,-2018865.0,-2018865.0,-2018865.0,-2018865.0,-2018865.0,-2018865.0,-2018865.0
-2018895.0,-2018895.0,-2018895.0,-2018895.0,-2018895.0,-2018895.0,-2018895.0,-2018895.0,-2018895.0,-2018895.0,-2018895.0,-2018895.0,-2018895.0,-2018895.0,-2018895.0,-2018895.0,-2018895.0,-2018895.0,-2018895.0,-2018895.0,-2018895.0,-2018895.0,-2018895.0,-2018895.0,-2018895.0,-2018895.0,-2018895.0,-2018895.0,-2018895.0,-2018895.0,-2018895.0,-2018895.0,-2018895.0,-2018895.0,-2018895.0,-2018895.0,-2018895.0,-2018895.0,-2018895.0,-2018895.0,-2018895.0,-2018895.0,-2018895.0,-2018895.0,-2018895.0,-2018895.0,-2018895.0,-2018895.0,-2018895.0,-2018895.0,-2018895.0,-2018895.0
-2018925.0,-2018925.0,-2018925.0,-2018925.0,-2018925.0,-2018925.0,-2018925.0,-2018925.0,-2018925.0,-2018925.0,-2018925.0,-2018925.0,-2018925.0,-2018925.0,-2018925.0,-2018925.0,-2018925.0,-2018925.0,-2018925.0,-2018925.0,-2018925.0,-2018925.0,-2018925.0,-2018925.0,-2018925.0,-2018925.0,-2018925.0,-2018925.0,-2018925.0,-2018925.0,-2018925.0,-2018925.0,-2018925.0,-2018925.0,-2018925.0,-2018925.0,-2018925.0,-2018925.0,-2018925.0,-2018925.0,-2018925.0,-2018925.0,-2018925.0,-2018925.0,-2018925.0,-2018925.0,-2018925.0,-2018925.0,-2018925.0,-2018925.0,-2018925.0,-2018925.0
-2018955.0,-2018955.0,-2018955.0,-2018955.0,-2018955.0,-2018955.0,-2018955.0,-2018955.0,-2018955.0,-2018955.0,-2018955.0,-2018955.0,-2018955.0,-2018955.0,-2018955.0,-2018955.0,-2018955.0,-2018955.0,-2018955.0,-2018955.0,-2018955.0,-2018955.0,-2018955.0,-2018955.0,-2018955.0,-2018955.0,-2018955.0,-2018955.0,-2018955.0,-2018955.0,-2018955.0,-2018955.0,-2018955.0,-2018955.0,-2018955.0,-2018955.0,-2018955.0,-2018955.0,-2018955.0,-2018955.0,-2018955.0,-2018955.0,-2018955.0,-2018955.0,-2018955.0,-2018955.0,-2018955.0,-2018955.0,-2018955.0,-2018955.0,-2018955.0,-2018955.0
-2018985.0,-2018985.0,-2018985.0,-2018985.0,-2018985.0,-2018985.0,-2018985.0,-2018985.0,-2018985.0,-2018985.0,-2018985.0,-2018985.0,-2018985.0,-2018985.0,-2018985.0,-2018985.0,-2018985.0,-2018985.0,-2018985.0,-2018985.0,-2018985.0,-2018985.0,-2018985.0,-2018985.0,-2018985.0,-2018985.0,-2018985.0,-2018985.0,-2018985.0,-2018985.0,-2018985.0,-2018985.0,-2018985.0,-2018985.0,-2018985.0,-2018985.0,-2018985.0,-2018985.0,-2018985.0,-2018985.0,-2018985.0,-2018985.0,-2018985.0,-2018985.0,-2018985.0,-2018985.0,-2018985.0,-2018985.0,-2018985.0,-2018985.0,-2018985.0,-2018985.0
-2019015.0,-2019015.0,-2019015.0,-2019015.0,-2019015.0,-2019015.0,-2019015.0,-2019015.0,-2019015.0,-2019015.0,-2019015.0,-2019015.0,-2019015.0,-2019015.0,-2019015.0,-2019015.0,-2019015.0,-2019015.0,-2019015.0,-2019015.0,-2019015.0,-2019015.0,-2019015.0,-2019015.0,-2019015.0,-2019015.0,-2019015.0,-2019015.0,-2019015.0,-2019015.0,-2019015.0,-2019015.0,-2019015.0,-2019015.0,-2019015.0,-2019015.0,-2019015.0,-2019015.0,-2019015.0,-2019015.0,-2019015.0,-2019015.0,-2019015.0,-2019015.0,-2019015.0,-2019015.0,-2019015.0,-2019015.0,-2019015.0,-2019015.0,-2019015.0,-2019015.0
-2019045.0,-2019045.0,-2019045.0,-2019045.0,-2019045.0,-2019045.0,-2019045.0,-2019045.0,-2019045.0,-2019045.0,-2019045.0,-2019045.0,-2019045.0,-2019045.0,-2019045.0,-2019045.0,-2019045.0,-2019045.0,-2019045.0,-2019045.0,-2019045.0,-2019045.0,-2019045.0,-2019045.0,-2019045.0,-2019045.0,-2019045.0,-2019045.0,-2019045.0,-2019045.0,-2019045.0,-2019045.0,-2019045.0,-2019045.0,-2019045.0,-2019045.0,-2019045.0,-2019045.0,-2019045.0,-2019045.0,-2019045.0,-2019045.0,-2019045.0,-2019045.0,-2019045.0,-2019045.0,-2019045.0,-2019045.0,-2019045.0,-2019045.0,-2019045.0,-2019045.0
-2019075.0,-2019075.0,-2019075.0,-2019075.0,-2019075.0,-2019075.0,-2019075.0,-2019075.0,-2019075.0,-2019075.0,-2019075.0,-2019075.0,-2019075.0,-2019075.0,-2019075.0,-2019075.0,-2019075.0,-2019075.0,-2019075.0,-2019075.0,-2019075.0,-2019075.0,-2019075.0,-2019075.0,-2019075.0,-2019075.0,-2019075.0,-2019075.0,-2019075.0,-2019075.0,-2019075.0,-2019075.0,-2019075.0,-2019075.0,-2019075.0,-2019075.0,-2019075.0,-2019075.0,-2019075.0,-2019075.0,-2019075.0,-2019075.0,-2019075.0,-2019075.0,-2019075.0,-2019075.0,-2019075.0,-2019075.0,-2019075.0,-2019075.0,-2019075.0,-2019075.0
-2019105.0,-2019105.0,-2019105.0,-2019105.0,-2019105.0,-2019105.0,-2019105.0,-2019105.0,-2019105.0,-2019105.0,-2019105.0,-2019105.0,-2019105.0,-2019105.0,-2019105.0,-2019105.0,-2019105.0,-2019105.0,-2019105.0,-2019105.0,-2019105.0,-2019105.0,-2019105.0,-2019105.0,-2019105.0,-2019105.0,-2019105.0,-2019105.0,-2019105.0,-2019105.0,-2019105.0,-2019105.0,-2019105.0,-2019105.0,-2019105.0,-2019105.0,-2019105.0,-2019105.0,-2019105.0,-2019105.0,-2019105.0,-2019105.0,-2019105.0,-2019105.0,-2019105.0,-2019105.0,-2019105.0,-2019105.0,-2019105.0,-2019105.0,-2019105.0,-2019105.0
-2019135.0,-2019135.0,-2019135.0,-2019135.0,-2019135.0,-2019135.0,-2019135.0,-2019135.0,-2019135.0,-2019135.0,-2019135.0,-2019135.0,-2019135.0,-2019135.0,-2019135.0,-2019135.0,-2019135.0,-2019135.0,-2019135.0,-2019135.0,-2019135.0,-2019135.0,-2019135.0,-2019135.0,-2019135.0,-2019135.0,-2019135.0,-2019135.0,-2019135.0,-2019135.0,-2019135.0,-2019135.0,-2019135.0,-2019135.0,-2019135.0,-2019135.0,-2019135.0,-2019135.0,-2019135.0,-2019135.0,-2019135.0,-2019135.0,-2019135.0,-2019135.0,-2019135.0,-2019135.0,-2019135.0,-2019135.0,-2019135.0,-2019135.0,-2019135.0,-2019135.0
-2019165.0,-2019165.0,-2019165.0,-2019165.0,-2019165.0,-2019165.0,-2019165.0,-2019165.0,-2019165.0,-2019165.0,-2019165.0,-2019165.0,-2019165.0,-2019165.0,-2019165.0,-2019165.0,-2019165.0,-2019165.0,-2019165.0,-2019165.0,-2019165.0,-2019165.0,-2019165.0,-2019165.0,-2019165.0,-2019165.0,-2019165.0,-2019165.0,-2019165.0,-2019165.0,-2019165.0,-2019165.0,-2019165.0,-2019165.0,-2019165.0,-2019165.0,-2019165.0,-2019165.0,-2019165.0,-2019165.0,-2019165.0,-2019165.0,-2019165.0,-2019165.0,-2019165.0,-2019165.0,-2019165.0,-2019165.0,-2019165.0,-2019165.0,-2019165.0,-2019165.0
-2019195.0,-2019195.0,-2019195.0,-2019195.0,-2019195.0,-2019195.0,-2019195.0,-2019195.0,-2019195.0,-2019195.0,-2019195.0,-2019195.0,-2019195.0,-2019195.0,-2019195.0,-2019195.0,-2019195.0,-2019195.0,-2019195.0,-2019195.0,-2019195.0,-2019195.0,-2019195.0,-2019195.0,-2019195.0,-2019195.0,-2019195.0,-2019195.0,-2019195.0,-2019195.0,-2019195.0,-2019195.0,-2019195.0,-2019195.0,-2019195.0,-2019195.0,-2019195.0,-2019195.0,-2019195.0,-2019195.0,-2019195.0,-2019195.0,-2019195.0,-2019195.0,-2019195.0,-2019195.0,-2019195.0,-2019195.0,-2019195.0,-2019195.0,-2019195.0,-2019195.0
-2019225.0,-2019225.0,-2019225.0,-2019225.0,-2019225.0,-2019225.0,-2019225.0,-2019225.0,-2019225.0,-2019225.0,-2019225.0,-2019225.0,-2019225.0,-2019225.0,-2019225.0,-2019225.0,-2019225.0,-2019225.0,-2019225.0,-2019225.0,-2019225.0,-2019225.0,-2019225.0,-2019225.0,-2019225.0,-2019225.0,-2019225.0,-2019225.0,-2019225.0,-2019225.0,-2019225.0,-2019225.0,-2019225.0,-2019225.0,-2019225.0,-2019225.0,-2019225.0,-2019225.0,-2019225.0,-2019225.0,-2019225.0,-2019225.0,-2019225.0,-2019225.0,-2019225.0,-2019225.0,-2019225.0,-2019225.0,-2019225.0,-2019225.0,-2019225.0,-2019225.0
-2019255.0,-2019255.0,-2019255.0,-2019255.0,-2019255.0,-2019255.0,-2019255.0,-2019255.0,-2019255.0,-2019255.0,-2019255.0,-2019255.0,-2019255.0,-2019255.0,-2019255.0,-2019255.0,-2019255.0,-2019255.0,-2019255.0,-2019255.0,-2019255.0,-2019255.0,-2019255.0,-2019255.0,-2019255.0,-2019255.0,-2019255.0,-2019255.0,-2019255.0,-2019255.0,-2019255.0,-2019255.0,-2019255.0,-2019255.0,-2019255.0,-2019255.0,-2019255.0,-2019255.0,-2019255.0,-2019255.0,-2019255.0,-2019255.0,-2019255.0,-2019255.0,-2019255.0,-2019255.0,-2019255.0,-2019255.0,-2019255.0,-2019255.0,-2019255.0,-2019255.0
-2019285.0,-2019285.0,-2019285.0,-2019285.0,-2019285.0,-2019285.0,-2019285.0,-2019285.0,-2019285.0,-2019285.0,-2019285.0,-2019285.0,-2019285.0,-2019285.0,-2019285.0,-2019285.0,-2019285.0,-2019285.0,-2019285.0,-2019285.0,-2019285.0,-2019285.0,-2019285.0,-2019285.0,-2019285.0,-2019285.0,-2019285.0,-2019285.0,-2019285.0,-2019285.0,-2019285.0,-2019285.0,-2019285.0,-2019285.0,-2019285.0,-2019285.0,-2019285.0,-2019285.0,-2019285.0,-2019285.0,-2019285.0,-2019285.0,-2019285.0,-2019285.0,-2019285.0,-2019285.0,-2019285.0,-2019285.0,-2019285.0,-2019285.0,-2019285.0,-2019285.0
-2019315.0,-2019315.0,-2019315.0,-2019315.0,-2019315.0,-2019315.0,-2019315.0,-2019315.0,-2019315.0,-2019315.0,-2019315.0,-2019315.0,-2019315.0,-2019315.0,-2019315.0,-2019315.0,-2019315.0,-2019315.0,-2019315.0,-2019315.0,-2019315.0,-2019315.0,-2019315.0,-2019315.0,-2019315.0,-2019315.0,-2019315.0,-2019315.0,-2019315.0,-2019315.0,-2019315.0,-2019315.0,-2019315.0,-2019315.0,-2019315.0,-2019315.0,-2019315.0,-2019315.0,-2019315.0,-2019315.0,-2019315.0,-2019315.0,-2019315.0,-2019315.0,-2019315.0,-2019315.0,-2019315.0,-2019315.0,-2019315.0,-2019315.0,-2019315.0,-2019315.0
-2019345.0,-2019345.0,-2019345.0,-2019345.0,-2019345.0,-2019345.0,-2019345.0,-2019345.0,-2019345.0,-2019345.0,-2019345.0,-2019345.0,-2019345.0,-2019345.0,-2019345.0,-2019345.0,-2019345.0,-2019345.0,-2019345.0,-2019345.0,-2019345.0,-2019345.0,-2019345.0,-2019345.0,-2019345.0,-2019345.0,-2019345.0,-2019345.0,-2019345.0,-2019345.0,-2019345.0,-2019345.0,-2019345.0,-2019345.0,-2019345.0,-2019345.0,-2019345.0,-2019345.0,-2019345.0,-2019345.0,-2019345.0,-2019345.0,-2019345.0,-2019345.0,-2019345.0,-2019345.0,-2019345.0,-2019345.0,-2019345.0,-2019345.0,-2019345.0,-2019345.0
-2019375.0,-2019375.0,-2019375.0,-2019375.0,-2019375.0,-2019375.0,-2019375.0,-2019375.0,-2019375.0,-2019375.0,-2019375.0,-2019375.0,-2019375.0,-2019375.0,-2019375.0,-2019375.0,-2019375.0,-2019375.0,-2019375.0,-2019375.0,-2019375.0,-2019375.0,-2019375.0,-2019375.0,-2019375.0,-2019375.0,-2019375.0,-2019375.0,-2019375.0,-2019375.0,-2019375.0,-2019375.0,-2019375.0,-2019375.0,-2019375.0,-2019375.0,-2019375.0,-2019375.0,-2019375.0,-2019375.0,-2019375.0,-2019375.0,-2019375.0,-2019375.0,-2019375.0,-2019375.0,-2019375.0,-2019375.0,-2019375.0,-2019375.0,-2019375.0,-2019375.0
-2019405.0,-2019405.0,-2019405.0,-2019405.0,-2019405.0,-2019405.0,-2019405.0,-2019405.0,-2019405.0,-2019405.0,-2019405.0,-2019405.0,-2019405.0,-2019405.0,-2019405.0,-2019405.0,-2019405.0,-2019405.0,-2019405.0,-2019405.0,-2019405.0,-2019405.0,-2019405.0,-2019405.0,-2019405.0,-2019405.0,-2019405.0,-2019405.0,-2019405.0,-2019405.0,-2019405.0,-2019405.0,-2019405.0,-2019405.0,-2019405.0,-2019405.0,-2019405.0,-2019405.0,-2019405.0,-2019405.0,-2019405.0,-2019405.0,-2019405.0,-2019405.0,-2019405.0,-2019405.0,-2019405.0,-2019405.0,-2019405.0,-2019405.0,-2019405.0,-2019405.0
-2019435.0,-2019435.0,-2019435.0,-2019435.0,-2019435.0,-2019435.0,-2019435.0,-2019435.0,-2019435.0,-2019435.0,-2019435.0,-2019435.0,-2019435.0,-2019435.0,-2019435.0,-2019435.0,-2019435.0,-2019435.0,-2019435.0,-2019435.0,-2019435.0,-2019435.0,-2019435.0,-2019435.0,-2019435.0,-2019435.0,-2019435.0,-2019435.0,-2019435.0,-2019435.0,-2019435.0,-2019435.0,-2019435.0,-2019435.0,-2019435.0,-2019435.0,-2019435.0,-2019435.0,-2019435.0,-2019435.0,-2019435.0,-2019435.0,-2019435.0,-2019435.0,-2019435.0,-2019435.0,-2019435.0,-2019435.0,-2019435.0,-2019435.0,-2019435.0,-2019435.0
-2019465.0,-2019465.0,-2019465.0,-2019465.0,-2019465.0,-2019465.0,-2019465.0,-2019465.0,-2019465.0,-2019465.0,-2019465.0,-2019465.0,-2019465.0,-2019465.0,-2019465.0,-2019465.0,-2019465.0,-2019465.0,-2019465.0,-2019465.0,-2019465.0,-2019465.0,-2019465.0,-2019465.0,-2019465.0,-2019465.0,-2019465.0,-2019465.0,-2019465.0,-2019465.0,-2019465.0,-2019465.0,-2019465.0,-2019465.0,-2019465.0,-2019465.0,-2019465.0,-2019465.0,-2019465.0,-2019465.0,-2019465.0,-2019465.0,-2019465.0,-2019465.0,-2019465.0,-2019465.0,-2019465.0,-2019465.0,-2019465.0,-2019465.0,-2019465.0,-2019465.0
-2019495.0,-2019495.0,-2019495.0,-2019495.0,-2019495.0,-2019495.0,-2019495.0,-2019495.0,-2019495.0,-2019495.0,-2019495.0,-2019495.0,-2019495.0,-2019495.0,-2019495.0,-2019495.0,-2019495.0,-2019495.0,-2019495.0,-2019495.0,-2019495.0,-2019495.0,-2019495.0,-2019495.0,-2019495.0,-2019495.0,-2019495.0,-2019495.0,-2019495.0,-2019495.0,-2019495.0,-2019495.0,-2019495.0,-2019495.0,-2019495.0,-2019495.0,-2019495.0,-2019495.0,-2019495.0,-2019495.0,-2019495.0,-2019495.0,-2019495.0,-2019495.0,-2019495.0,-2019495.0,-2019495.0,-2019495.0,-2019495.0,-2019495.0,-2019495.0,-2019495.0
-2019525.0,-2019525.0,-2019525.0,-2019525.0,-2019525.0,-2019525.0,-2019525.0,-2019525.0,-2019525.0,-2019525.0,-2019525.0,-2019525.0,-2019525.0,-2019525.0,-2019525.0,-2019525.0,-2019525.0,-2019525.0,-2019525.0,-2019525.0,-2019525.0,-2019525.0,-2019525.0,-2019525.0,-2019525.0,-2019525.0,-2019525.0,-2019525.0,-2019525.0,-2019525.0,-2019525.0,-2019525.0,-2019525.0,-2019525.0,-2019525.0,-2019525.0,-2019525.0,-2019525.0,-2019525.0,-2019525.0,-2019525.0,-2019525.0,-2019525.0,-2019525.0,-2019525.0,-2019525.0,-2019525.0,-2019525.0,-2019525.0,-2019525.0,-2019525.0,-2019525.0
