-1958565.0,-1958565.0,-1958565.0,-1958565.0,-1958565.0,-1958565.0,-1958565.0,-1958565.0,-1958565.0,-1958565.0,-1958565.0,-1958565.0,-1958565.0,-1958565.0,-1958565.0,-1958565.0,-1958565.0,-1958565.0,-1958565.0,-1958565.0,-1958565.0,-1958565.0,-1958565.0,-1958565.0,-1958565.0,-1958565.0,-1958565.0,-1958565.0,-1958565.0,-1958565.0,-1958565.0,-1958565.0,-1958565.0,-1958565.0,-1958565.0,-1958565.0,-1958565.0,-1958565.0,-1958565.0,-1958565.0,-1958565.0,-1958565.0,-1958565.0,-1958565.0,-1958565.0,-1958565.0,-1958565.0,-1958565.0,-1958565.0,-1958565.0,-1958565.0,-1958565.0,-1958565.0,-1958565.0,-1958565.0,-1958565.0,-1958565.0,-1958565.0,-1958565.0,-1958565.0,-1958565.0,-1958565.0,-1958565.0,-1958565.0,-1958565.0,-1958565.0,-1958565.0,-1958565.0,-1958565.0,-1958565.0,-1958565.0,-1958565.0,-1958565.0,-1958565.0,-1958565.0,-1958565.0,-1958565.0,-1958565.0,-1958565.0,-1958565.0,-1958565.0,-1958565.0
-1958595.0,-1958595.0,-1958595.0,-1958595.0,-1958595.0,-1958595.0,-1958595.0,-1958595.0,-1958595.0,-1958595.0,-1958595.0,-1958595.0,-1958595.0,-1958595.0,-1958595.0,-1958595.0,-1958595.0,-1958595.0,-1958595.0,-1958595.0,-1958595.0,-1958595.0,-1958595.0,-1958595.0,-1958595.0,-1958595.0,-1958595.0,-1958595.0,-1958595.0,-1958595.0,-1958595.0,-1958595.0,-1958595.0,-1958595.0,-1958595.0,-1958595.0,-1958595.0,-1958595.0,-1958595.0,-1958595.0,-1958595.0,-1958595.0,-1958595.0,-1958595.0,-1958595.0,-1958595.0,-1958595.0,-1958595.0,-1958595.0,-1958595.0,-1958595.0,-1958595.0,-1958595.0,-1958595.0,-1958595.0,-1958595.0,-1958595.0,-1958595.0,-1958595.0,-1958595.0,-1958595.0,-1958595.0,-1958595.0,-1958595.0,-1958595.0,-1958595.0,-1958595.0,-1958595.0,-1958595.0,-1958595.0,-1958595.0,-1958595.0,-1958595.0,-1958595.0,-1958595.0,-1958595.0,-1958595.0,-1958595.0,-1958595.0,-1958595.0,-1958595.0,-1958595.0
-1958625.0,-1958625.0,-1958625.0,-1958625.0,-1958625.0,-1958625.0,-1958625.0,-1958625.0,-1958625.0,-1958625.0,-1958625.0,-1958625.0,-1958625.0,-1958625.0,-1958625.0,-1958625.0,-1958625.0,-1958625.0,-1958625.0,-1958625.0,-1958625.0,-1958625.0,-1958625.0,-1958625.0,-1958625.0,-1958625.0,-1958625.0,-1958625.0,-1958625.0,-1958625.0,-1958625.0,-1958625.0,-1958625.0,-1958625.0,-1958625.0,-1958625.0,-1958625.0,-1958625.0,-1958625.0,-1958625.0,-1958625.0,-1958625.0,-1958625.0,-1958625.0,-1958625.0,-1958625.0,-1958625.0,-1958625.0,-1958625.0,-1958625.0,-1958625.0,-1958625.0,-1958625.0,-1958625.0,-1958625.0,-1958625.0,-1958625.0,-1958625.0,-1958625.0,-1958625.0,-1958625.0,-1958625.0,-1958625.0,-1958625.0,-1958625.0,-1958625.0,-1958625.0,-1958625.0,-1958625.0,-1958625.0,-1958625.0,-1958625.0,-1958625.0,-1958625.0,-1958625.0,-1958625.0,-1958625.0,-1958625.0,-1958625.0,-1958625.0,-1958625.0,-1958625.0
-1958655.0,-1958655.0,-1958655.0,-1958655.0,-1958655.0,-1958655.0,-1958655.0,-1958655.0,-1958655.0,-1958655.0,-1958655.0,-1958655.0,-1958655.0,-1958655.0,-1958655.0,-1958655.0,-1958655.0,-1958655.0,-1958655.0,-1958655.0,-1958655.0,-1958655.0,-1958655.0,-1958655.0,-1958655.0,-1958655.0,-1958655.0,-1958655.0,-1958655.0,-1958655.0,-1958655.0,-1958655.0,-1958655.0,-1958655.0,-1958655.0,-1958655.0,-1958655.0,-1958655.0,-1958655.0,-1958655.0,-1958655.0,-1958655.0,-1958655.0,-1958655.0,-1958655.0,-1958655.0,-1958655.0,-1958655.0,-1958655.0,-1958655.0,-1958655.0,-1958655.0,-1958655.0,-1958655.0,-1958655.0,-1958655.0,-1958655.0,-1958655.0,-1958655.0,-1958655.0,-1958655.0,-1958655.0,-1958655.0,-1958655.0,-1958655.0,-1958655.0,-1958655.0,-1958655.0,-1958655.0,-1958655.0,-1958655.0,-1958655.0,-1958655.0,-1958655.0,-1958655.0,-1958655.0,-1958655.0,-1958655.0,-1958655.0,-1958655.0,-1958655.0,-1958655.0
-1958685.0,-1958685.0,-1958685.0,-1958685.0,-1958685.0,-1958685.0,-1958685.0,-1958685.0,-1958685.0,-1958685.0,-1958685.0,-1958685.0,-1958685.0,-1958685.0,-1958685.0,-1958685.0,-1958685.0,-1958685.0,-1958685.0,-1958685.0,-1958685.0,-1958685.0,-1958685.0,-1958685.0,-1958685.0,-1958685.0,-1958685.0,-1958685.0,-1958685.0,-1958685.0,-1958685.0,-1958685.0,-1958685.0,-1958685.0,-1958685.0,-1958685.0,-1958685.0,-1958685.0,-1958685.0,-1958685.0,-1958685.0,-1958685.0,-1958685.0,-1958685.0,-1958685.0,-1958685.0,-1958685.0,-1958685.0,-1958685.0,-1958685.0,-1958685.0,-1958685.0,-1958685.0,-1958685.0,-1958685.0,-1958685.0,-1958685.0,-1958685.0,-1958685.0,-1958685.0,-1958685.0,-1958685.0,-1958685.0,-1958685.0,-1958685.0,-1958685.0,-1958685.0,-1958685.0,-1958685.0,-1958685.0,-1958685.0,-1958685.0,-1958685.0,-1958685.0,-1958685.0,-1958685.0,-1958685.0,-1958685.0,-1958685.0,-1958685.0,-1958685.0,-1958685.0
-1958715.0,-1958715.0,-1958715.0,-1958715.0,-1958715.0,-1958715.0,-1958715.0,-1958715.0,-1958715.0,-1958715.0,-1958715.0,-1958715.0,-1958715.0,-1958715.0,-1958715.0,-1958715.0,-1958715.0,-1958715.0,-1958715.0,-1958715.0,-1958715.0,-1958715.0,-1958715.0,-1958715.0,-1958715.0,-1958715.0,-1958715.0,-1958715.0,-1958715.0,-1958715.0,-1958715.0,-1958715.0,-1958715.0,-1958715.0,-1958715.0,-1958715.0,-1958715.0,-1958715.0,-1958715.0,-1958715.0,-1958715.0,-1958715.0,-1958715.0,-1958715.0,-1958715.0,-1958715.0,-1958715.0,-1958715.0,-1958715.0,-1958715.0,-1958715.0,-1958715.0,-1958715.0,-1958715.0,-1958715.0,-1958715.0,-1958715.0,-1958715.0,-1958715.0,-1958715.0,-1958715.0,-1958715.0,-1958715.0,-1958715.0,-1958715.0,-1958715.0,-1958715.0,-1958715.0,-1958715.0,-1958715.0,-1958715.0,-1958715.0,-1958715.0,-1958715.0,-1958715.0,-1958715.0,-1958715.0,-1958715.0,-1958715.0,-1958715.0,-1958715.0,-1958715.0
-1958745.0,-1958745.0,-1958745.0,-1958745.0,-1958745.0,-1958745.0,-1958745.0,-1958745.0,-1958745.0,-1958745.0,-1958745.0,-1958745.0,-1958745.0,-1958745.0,-1958745.0,-1958745.0,-1958745.0,-1958745.0,-1958745.0,-1958745.0,-1958745.0,-1958745.0,-1958745.0,-1958745.0,-1958745.0,-1958745.0,-1958745.0,-1958745.0,-1958745.0,-1958745.0,-1958745.0,-1958745.0,-1958745.0,-1958745.0,-1958745.0,-1958745.0,-1958745.0,-1958745.0,-1958745.0,-1958745.0,-1958745.0,-1958745.0,-1958745.0,-1958745.0,-1958745.0,-1958745.0,-1958745.0,-1958745.0,-1958745.0,-1958745.0,-1958745.0,-1958745.0,-1958745.0,-1958745.0,-1958745.0,-1958745.0,-1958745.0,-1958745.0,-1958745.0,-1958745.0,-1958745.0,-1958745.0,-1958745.0,-1958745.0,-1958745.0,-1958745.0,-1958745.0,-1958745.0,-1958745.0,-1958745.0,-1958745.0,-1958745.0,-1958745.0,-1958745.0,-1958745.0,-1958745.0,-1958745.0,-1958745.0,-1958745.0,-1958745.0,-1958745.0,-1958745.0
-1958775.0,-1958775.0,-1958775.0,-1958775.0,-1958775.0,-1958775.0,-1958775.0,-1958775.0,-1958775.0,-1958775.0,-1958775.0,-1958775.0,-1958775.0,-1958775.0,-1958775.0,-1958775.0,-1958775.0,-1958775.0,-1958775.0,-1958775.0,-1958775.0,-1958775.0,-1958775.0,-1958775.0,-1958775.0,-1958775.0,-1958775.0,-1958775.0,-1958775.0,-1958775.0,-1958775.0,-1958775.0,-1958775.0,-1958775.0,-1958775.0,-1958775.0,-1958775.0,-1958775.0,-1958775.0,-1958775.0,-1958775.0,-1958775.0,-1958775.0,-1958775.0,-1958775.0,-1958775.0,-1958775.0,-1958775.0,-1958775.0,-1958775.0,-1958775.0,-1958775.0,-1958775.0,-1958775.0,-1958775.0,-1958775.0,-1958775.0,-1958775.0,-1958775.0,-1958775.0,-1958775.0,-1958775.0,-1958775.0,-1958775.0,-1958775.0,-1958775.0,-1958775.0,-1958775.0,-1958775.0,-1958775.0,-1958775.0,-1958775.0,-1958775.0,-1958775.0,-1958775.0,-1958775.0,-1958775.0,-1958775.0,-1958775.0,-1958775.0,-1958775.0,-1958775.0
-1958805.0,-1958805.0,-1958805.0,-1958805.0,-1958805.0,-1958805.0,-1958805.0,-1958805.0,-1958805.0,-1958805.0,-1958805.0,-1958805.0,-1958805.0,-1958805.0,-1958805.0,-1958805.0,-1958805.0,-1958805.0,-1958805.0,-1958805.0,-1958805.0,-1958805.0,-1958805.0,-1958805.0,-1958805.0,-1958805.0,-1958805.0,-1958805.0,-1958805.0,-1958805.0,-1958805.0,-1958805.0,-1958805.0,-1958805.0,-1958805.0,-1958805.0,-1958805.0,-1958805.0,-1958805.0,-1958805.0,-1958805.0,-1958805.0,-1958805.0,-1958805.0,-1958805.0,-1958805.0,-1958805.0,-1958805.0,-1958805.0,-1958805.0,-1958805.0,-1958805.0,-1958805.0,-1958805.0,-1958805.0,-1958805.0,-1958805.0,-1958805.0,-1958805.0,-1958805.0,-1958805.0,-1958805.0,-1958805.0,-1958805.0,-1958805.0,-1958805.0,-1958805.0,-1958805.0,-1958805.0,-1958805.0,-1958805.0,-1958805.0,-1958805.0,-1958805.0,-1958805.0,-1958805.0,-1958805.0,-1958805.0,-1958805.0,-1958805.0,-1958805.0,-1958805.0
-1958835.0,-1958835.0,-1958835.0,-1958835.0,-1958835.0,-1958835.0,-1958835.0,-1958835.0,-1958835.0,-1958835.0,-1958835.0,-1958835.0,-1958835.0,-1958835.0,-1958835.0,-1958835.0,-1958835.0,-1958835.0,-1958835.0,-1958835.0,-1958835.0,-1958835.0,-1958835.0,-1958835.0,-1958835.0,-1958835.0,-1958835.0,-1958835.0,-1958835.0,-1958835.0,-1958835.0,-1958835.0,-1958835.0,-1958835.0,-1958835.0,-1958835.0,-1958835.0,-1958835.0,-1958835.0,-1958835.0,-1958835.0,-1958835.0,-1958835.0,-1958835.0,-1958835.0,-1958835.0,-1958835.0,-1958835.0,-1958835.0,-1958835.0,-1958835.0,-1958835.0,-1958835.0,-1958835.0,-1958835.0,-1958835.0,-1958835.0,-1958835.0,-1958835.0,-1958835.0,-1958835.0,-1958835.0,-1958835.0,-1958835.0,-1958835.0,-1958835.0,-1958835.0,-1958835.0,-1958835.0,-1958835.0,-1958835.0,-1958835.0,-1958835.0,-1958835.0,-1958835.0,-1958835.0,-1958835.0,-1958835.0,-1958835.0,-1958835.0,-1958835.0,-1958835.0
-1958865.0,-1958865.0,-1958865.0,-1958865.0,-1958865.0,-1958865.0,-1958865.0,-1958865.0,-1958865.0,-1958865.0,-1958865.0,-1958865.0,-1958865.0,-1958865.0,-1958865.0,-1958865.0,-1958865.0,-1958865.0,-1958865.0,-1958865.0,-1958865.0,-1958865.0,-1958865.0,-1958865.0,-1958865.0,-1958865.0,-1958865.0,-1958865.0,-1958865.0,-1958865.0,-1958865.0,-1958865.0,-1958865.0,-1958865.0,-1958865.0,-1958865.0,-1958865.0,-1958865.0,-1958865.0,-1958865.0,-1958865.0,-1958865.0,-1958865.0,-1958865.0,-1958865.0,-1958865.0,-1958865.0,-1958865.0,-1958865.0,-1958865.0,-1958865.0,-1958865.0,-1958865.0,-1958865.0,-1958865.0,-1958865.0,-1958865.0,-1958865.0,-1958865.0,-1958865.0,-1958865.0,-1958865.0,-1958865.0,-1958865.0,-1958865.0,-1958865.0,-1958865.0,-1958865.0,-1958865.0,-1958865.0,-1958865.0,-1958865.0,-1958865.0,-1958865.0,-1958865.0,-1958865.0,-1958865.0,-1958865.0,-1958865.0,-1958865.0,-1958865.0,-1958865.0
-1958895.0,-1958895.0,-1958895.0,-1958895.0,-1958895.0,-1958895.0,-1958895.0,-1958895.0,-1958895.0,-1958895.0,-1958895.0,-1958895.0,-1958895.0,-1958895.0,-1958895.0,-1958895.0,-1958895.0,-1958895.0,-1958895.0,-1958895.0,-1958895.0,-1958895.0,-1958895.0,-1958895.0,-1958895.0,-1958895.0,-1958895.0,-1958895.0,-1958895.0,-1958895.0,-1958895.0,-1958895.0,-1958895.0,-1958895.0,-1958895.0,-1958895.0,-1958895.0,-1958895.0,-1958895.0,-1958895.0,-1958895.0,-1958895.0,-1958895.0,-1958895.0,-1958895.0,-1958895.0,-1958895.0,-1958895.0,-1958895.0,-1958895.0,-1958895.0,-1958895.0,-1958895.0,-1958895.0,-1958895.0,-1958895.0,-1958895.0,-1958895.0,-1958895.0,-1958895.0,-1958895.0,-1958895.0,-1958895.0,-1958895.0,-1958895.0,-1958895.0,-1958895.0,-1958895.0,-1958895.0,-1958895.0,-1958895.0,-1958895.0,-1958895.0,-1958895.0,-1958895.0,-1958895.0,-1958895.0,-1958895.0,-1958895.0,-1958895.0,-1958895.0,-1958895.0
-1958925.0,-1958925.0,-1958925.0,-1958925.0,-1958925.0,-1958925.0,-1958925.0,-1958925.0,-1958925.0,-1958925.0,-1958925.0,-1958925.0,-1958925.0,-1958925.0,-1958925.0,-1958925.0,-1958925.0,-1958925.0,-1958925.0,-1958925.0,-1958925.0,-1958925.0,-1958925.0,-1958925.0,-1958925.0,-1958925.0,-1958925.0,-1958925.0,-1958925.0,-1958925.0,-1958925.0,-1958925.0,-1958925.0,-1958925.0,-1958925.0,-1958925.0,-1958925.0,-1958925.0,-1958925.0,-1958925.0,-1958925.0,-1958925.0,-1958925.0,-1958925.0,-1958925.0,-1958925.0,-1958925.0,-1958925.0,-1958925.0,-1958925.0,-1958925.0,-1958925.0,-1958925.0,-1958925.0,-1958925.0,-1958925.0,-1958925.0,-1958925.0,-1958925.0,-1958925.0,-1958925.0,-1958925.0,-1958925.0,-1958925.0,-1958925.0,-1958925.0,-1958925.0,-1958925.0,-1958925.0,-1958925.0,-1958925.0,-1958925.0,-1958925.0,-1958925.0,-1958925.0,-1958925.0,-1958925.0,-1958925.0,-1958925.0,-1958925.0,-1958925.0,-1958925.0
-1958955.0,-1958955.0,-1958955.0,-1958955.0,-1958955.0,-1958955.0,-1958955.0,-1958955.0,-1958955.0,-1958955.0,-1958955.0,-1958955.0,-1958955.0,-1958955.0,-1958955.0,-1958955.0,-1958955.0,-1958955.0,-1958955.0,-1958955.0,-1958955.0,-1958955.0,-1958955.0,-1958955.0,-1958955.0,-1958955.0,-1958955.0,-1958955.0,-1958955.0,-1958955.0,-1958955.0,-1958955.0,-1958955.0,-1958955.0,-1958955.0,-1958955.0,-1958955.0,-1958955.0,-1958955.0,-1958955.0,-1958955.0,-1958955.0,-1958955.0,-1958955.0,-1958955.0,-1958955.0,-1958955.0,-1958955.0,-1958955.0,-1958955.0,-1958955.0,-1958955.0,-1958955.0,-1958955.0,-1958955.0,-1958955.0,-1958955.0,-1958955.0,-1958955.0,-1958955.0,-1958955.0,-1958955.0,-1958955.0,-1958955.0,-1958955.0,-1958955.0,-1958955.0,-1958955.0,-1958955.0,-1958955.0,-1958955.0,-1958955.0,-1958955.0,-1958955.0,-1958955.0,-1958955.0,-1958955.0,-1958955.0,-1958955.0,-1958955.0,-1958955.0,-1958955.0
-1958985.0,-1958985.0,-1958985.0,-1958985.0,-1958985.0,-1958985.0,-1958985.0,-1958985.0,-1958985.0,-1958985.0,-1958985.0,-1958985.0,-1958985.0,-1958985.0,-1958985.0,-1958985.0,-1958985.0,-1958985.0,-1958985.0,-1958985.0,-1958985.0,-1958985.0,-1958985.0,-1958985.0,-1958985.0,-1958985.0,-1958985.0,-1958985.0,-1958985.0,-1958985.0,-1958985.0,-1958985.0,-1958985.0,-1958985.0,-1958985.0,-1958985.0,-1958985.0,-1958985.0,-1958985.0,-1958985.0,-1958985.0,-1958985.0,-1958985.0,-1958985.0,-1958985.0,-1958985.0,-1958985.0,-1958985.0,-1958985.0,-1958985.0,-1958985.0,-1958985.0,-1958985.0,-1958985.0,-1958985.0,-1958985.0,-1958985.0,-1958985.0,-1958985.0,-1958985.0,-1958985.0,-1958985.0,-1958985.0,-1958985.0,-1958985.0,-1958985.0,-1958985.0,-1958985.0,-1958985.0,-1958985.0,-1958985.0,-1958985.0,-1958985.0,-1958985.0,-1958985.0,-1958985.0,-1958985.0,-1958985.0,-1958985.0,-1958985.0,-1958985.0,-1958985.0
-1959015.0,-1959015.0,-1959015.0,-1959015.0,-1959015.0,-1959015.0,-1959015.0,-1959015.0,-1959015.0,-1959015.0,-1959015.0,-1959015.0,-1959015.0,-1959015.0,-1959015.0,-1959015.0,-1959015.0,-1959015.0,-1959015.0,-1959015.0,-1959015.0,-1959015.0,-1959015.0,-1959015.0,-1959015.0,-1959015.0,-1959015.0,-1959015.0,-1959015.0,-1959015.0,-1959015.0,-1959015.0,-1959015.0,-1959015.0,-1959015.0,-1959015.0,-1959015.0,-1959015.0,-1959015.0,-1959015.0,-1959015.0,-1959015.0,-1959015.0,-1959015.0,-1959015.0,-1959015.0,-1959015.0,-1959015.0,-1959015.0,-1959015.0,-1959015.0,-1959015.0,-1959015.0,-1959015.0,-1959015.0,-1959015.0,-1959015.0,-1959015.0,-1959015.0,-1959015.0,-1959015.0,-1959015.0,-1959015.0,-1959015.0,-1959015.0,-1959015.0,-1959015.0,-1959015.0,-1959015.0,-1959015.0,-1959015.0,-1959015.0,-1959015.0,-1959015.0,-1959015.0,-1959015.0,-1959015.0,-1959015.0,-1959015.0,-1959015.0,-1959015.0,-1959015.0
-1959045.0,-1959045.0,-1959045.0,-1959045.0,-1959045.0,-1959045.0,-1959045.0,-1959045.0,-1959045.0,-1959045.0,-1959045.0,-1959045.0,-1959045.0,-1959045.0,-1959045.0,-1959045.0,-1959045.0,-1959045.0,-1959045.0,-1959045.0,-1959045.0,-1959045.0,-1959045.0,-1959045.0,-1959045.0,-1959045.0,-1959045.0,-1959045.0,-1959045.0,-1959045.0,-1959045.0,-1959045.0,-1959045.0,-1959045.0,-1959045.0,-1959045.0,-1959045.0,-1959045.0,-1959045.0,-1959045.0,-1959045.0,-1959045.0,-1959045.0,-1959045.0,-1959045.0,-1959045.0,-1959045.0,-1959045.0,-1959045.0,-1959045.0,-1959045.0,-1959045.0,-1959045.0,-1959045.0,-1959045.0,-1959045.0,-1959045.0,-1959045.0,-1959045.0,-1959045.0,-1959045.0,-1959045.0,-1959045.0,-1959045.0,-1959045.0,-1959045.0,-1959045.0,-1959045.0,-1959045.0,-1959045.0,-1959045.0,-1959045.0,-1959045.0,-1959045.0,-1959045.0,-1959045.0,-1959045.0,-1959045.0,-1959045.0,-1959045.0,-1959045.0,-1959045.0
-1959075.0,-1959075.0,-1959075.0,-1959075.0,-1959075.0,-1959075.0,-1959075.0,-1959075.0,-1959075.0,-1959075.0,-1959075.0,-1959075.0,-1959075.0,-1959075.0,-1959075.0,-1959075.0,-1959075.0,-1959075.0,-1959075.0,-1959075.0,-1959075.0,-1959075.0,-1959075.0,-1959075.0,-1959075.0,-1959075.0,-1959075.0,-1959075.0,-1959075.0,-1959075.0,-1959075.0,-1959075.0,-1959075.0,-1959075.0,-1959075.0,-1959075.0,-1959075.0,-1959075.0,-1959075.0,-1959075.0,-1959075.0,-1959075.0,-1959075.0,-1959075.0,-1959075.0,-1959075.0,-1959075.0,-1959075.0,-1959075.0,-1959075.0,-1959075.0,-1959075.0,-1959075.0,-1959075.0,-1959075.0,-1959075.0,-1959075.0,-1959075.0,-1959075.0,-1959075.0,-1959075.0,-1959075.0,-1959075.0,-1959075.0,-1959075.0,-1959075.0,-1959075.0,-1959075.0,-1959075.0,-1959075.0,-1959075.0,-1959075.0,-1959075.0,-1959075.0,-1959075.0,-1959075.0,-1959075.0,-1959075.0,-1959075.0,-1959075.0,-1959075.0,-1959075.0
-1959105.0,-1959105.0,-1959105.0,-1959105.0,-1959105.0,-1959105.0,-1959105.0,-1959105.0,-1959105.0,-1959105.0,-1959105.0,-1959105.0,-1959105.0,-1959105.0,-1959105.0,-1959105.0,-1959105.0,-1959105.0,-1959105.0,-1959105.0,-1959105.0,-1959105.0,-1959105.0,-1959105.0,-1959105.0,-1959105.0,-1959105.0,-1959105.0,-1959105.0,-1959105.0,-1959105.0,-1959105.0,-1959105.0,-1959105.0,-1959105.0,-1959105.0,-1959105.0,-1959105.0,-1959105.0,-1959105.0,-1959105.0,-1959105.0,-1959105.0,-1959105.0,-1959105.0,-1959105.0,-1959105.0,-1959105.0,-1959105.0,-1959105.0,-1959105.0,-1959105.0,-1959105.0,-1959105.0,-1959105.0,-1959105.0,-1959105.0,-1959105.0,-1959105.0,-1959105.0,-1959105.0,-1959105.0,-1959105.0,-1959105.0,-1959105.0,-1959105.0,-1959105.0,-1959105.0,-1959105.0,-1959105.0,-1959105.0,-1959105.0,-1959105.0,-1959105.0,-1959105.0,-1959105.0,-1959105.0,-1959105.0,-1959105.0,-1959105.0,-1959105.0,-1959105.0
-1959135.0,-1959135.0,-1959135.0,-1959135.0,-1959135.0,-1959135.0,-1959135.0,-1959135.0,-1959135.0,-1959135.0,-1959135.0,-1959135.0,-1959135.0,-1959135.0,-1959135.0,-1959135.0,-1959135.0,-1959135.0,-1959135.0,-1959135.0,-1959135.0,-1959135.0,-1959135.0,-1959135.0,-1959135.0,-1959135.0,-1959135.0,-1959135.0,-1959135.0,-1959135.0,-1959135.0,-1959135.0,-1959135.0,-1959135.0,-1959135.0,-1959135.0,-1959135.0,-1959135.0,-1959135.0,-1959135.0,-1959135.0,-1959135.0,-1959135.0,-1959135.0,-1959135.0,-1959135.0,-1959135.0,-1959135.0,-1959135.0,-1959135.0,-1959135.0,-1959135.0,-1959135.0,-1959135.0,-1959135.0,-1959135.0,-1959135.0,-1959135.0,-1959135.0,-1959135.0,-1959135.0,-1959135.0,-1959135.0,-1959135.0,-1959135.0,-1959135.0,-1959135.0,-1959135.0,-1959135.0,-1959135.0,-1959135.0,-1959135.0,-1959135.0,-1959135.0,-1959135.0,-1959135.0,-1959135.0,-1959135.0,-1959135.0,-1959135.0,-1959135.0,-1959135.0
-1959165.0,-1959165.0,-1959165.0,-1959165.0,-1959165.0,-1959165.0,-1959165.0,-1959165.0,-1959165.0,-1959165.0,-1959165.0,-1959165.0,-1959165.0,-1959165.0,-1959165.0,-1959165.0,-1959165.0,-1959165.0,-1959165.0,-1959165.0,-1959165.0,-1959165.0,-1959165.0,-1959165.0,-1959165.0,-1959165.0,-1959165.0,-1959165.0,-1959165.0,-1959165.0,-1959165.0,-1959165.0,-1959165.0,-1959165.0,-1959165.0,-1959165.0,-1959165.0,-1959165.0,-1959165.0,-1959165.0,-1959165.0,-1959165.0,-1959165.0,-1959165.0,-1959165.0,-1959165.0,-1959165.0,-1959165.0,-1959165.0,-1959165.0,-1959165.0,-1959165.0,-1959165.0,-1959165.0,-1959165.0,-1959165.0,-1959165.0,-1959165.0,-1959165.0,-1959165.0,-1959165.0,-1959165.0,-1959165.0,-1959165.0,-1959165.0,-1959165.0,-1959165.0,-1959165.0,-1959165.0,-1959165.0,-1959165.0,-1959165.0,-1959165.0,-1959165.0,-1959165.0,-1959165.0,-1959165.0,-1959165.0,-1959165.0,-1959165.0,-1959165.0,-1959165.0
-1959195.0,-1959195.0,-1959195.0,-1959195.0,-1959195.0,-1959195.0,-1959195.0,-1959195.0,-1959195.0,-1959195.0,-1959195.0,-1959195.0,-1959195.0,-1959195.0,-1959195.0,-1959195.0,-1959195.0,-1959195.0,-1959195.0,-1959195.0,-1959195.0,-1959195.0,-1959195.0,-1959195.0,-1959195.0,-1959195.0,-1959195.0,-1959195.0,-1959195.0,-1959195.0,-1959195.0,-1959195.0,-1959195.0,-1959195.0,-1959195.0,-1959195.0,-1959195.0,-1959195.0,-1959195.0,-1959195.0,-1959195.0,-1959195.0,-1959195.0,-1959195.0,-1959195.0,-1959195.0,-1959195.0,-1959195.0,-1959195.0,-1959195.0,-1959195.0,-1959195.0,-1959195.0,-1959195.0,-1959195.0,-1959195.0,-1959195.0,-1959195.0,-1959195.0,-1959195.0,-1959195.0,-1959195.0,-1959195.0,-1959195.0,-1959195.0,-1959195.0,-1959195.0,-1959195.0,-1959195.0,-1959195.0,-1959195.0,-1959195.0,-1959195.0,-1959195.0,-1959195.0,-1959195.0,-1959195.0,-1959195.0,-1959195.0,-1959195.0,-1959195.0,-1959195.0
-1959225.0,-1959225.0,-1959225.0,-1959225.0,-1959225.0,-1959225.0,-1959225.0,-1959225.0,-1959225.0,-1959225.0,-1959225.0,-1959225.0,-1959225.0,-1959225.0,-1959225.0,-1959225.0,-1959225.0,-1959225.0,-1959225.0,-1959225.0,-1959225.0,-1959225.0,-1959225.0,-1959225.0,-1959225.0,-1959225.0,-1959225.0,-1959225.0,-1959225.0,-1959225.0,-1959225.0,-1959225.0,-1959225.0,-1959225.0,-1959225.0,-1959225.0,-1959225.0,-1959225.0,-1959225.0,-1959225.0,-1959225.0,-1959225.0,-1959225.0,-1959225.0,-1959225.0,-1959225.0,-1959225.0,-1959225.0,-1959225.0,-1959225.0,-1959225.0,-1959225.0,-1959225.0,-1959225.0,-1959225.0,-1959225.0,-1959225.0,-1959225.0,-1959225.0,-1959225.0,-1959225.0,-1959225.0,-1959225.0,-1959225.0,-1959225.0,-1959225.0,-1959225.0,-1959225.0,-1959225.0,-1959225.0,-1959225.0,-1959225.0,-1959225.0,-1959225.0,-1959225.0,-1959225.0,-1959225.0,-1959225.0,-1959225.0,-1959225.0,-1959225.0,-1959225.0
-1959255.0,-1959255.0,-1959255.0,-1959255.0,-1959255.0,-1959255.0,-1959255.0,-1959255.0,-1959255.0,-1959255.0,-1959255.0,-1959255.0,-1959255.0,-1959255.0,-1959255.0,-1959255.0,-1959255.0,-1959255.0,-1959255.0,-1959255.0,-1959255.0,-1959255.0,-1959255.0,-1959255.0,-1959255.0,-1959255.0,-1959255.0,-1959255.0,-1959255.0,-1959255.0,-1959255.0,-1959255.0,-1959255.0,-1959255.0,-1959255.0,-1959255.0,-1959255.0,-1959255.0,-1959255.0,-1959255.0,-1959255.0,-1959255.0,-1959255.0,-1959255.0,-1959255.0,-1959255.0,-1959255.0,-1959255.0,-1959255.0,-1959255.0,-1959255.0,-1959255.0,-1959255.0,-1959255.0,-1959255.0,-1959255.0,-1959255.0,-1959255.0,-1959255.0,-1959255.0,-1959255.0,-1959255.0,-1959255.0,-1959255.0,-1959255.0,-1959255.0,-1959255.0,-1959255.0,-1959255.0,-1959255.0,-1959255.0,-1959255.0,-1959255.0,-1959255.0,-1959255.0,-1959255.0,-1959255.0,-1959255.0,-1959255.0,-1959255.0,-1959255.0,-1959255.0
-1959285.0,-1959285.0,-1959285.0,-1959285.0,-1959285.0,-1959285.0,-1959285.0,-1959285.0,-1959285.0,-1959285.0,-1959285.0,-1959285.0,-1959285.0,-1959285.0,-1959285.0,-1959285.0,-1959285.0,-1959285.0,-1959285.0,-1959285.0,-1959285.0,-1959285.0,-1959285.0,-1959285.0,-1959285.0,-1959285.0,-1959285.0,-1959285.0,-1959285.0,-1959285.0,-1959285.0,-1959285.0,-1959285.0,-1959285.0,-1959285.0,-1959285.0,-1959285.0,-1959285.0,-1959285.0,-1959285.0,-1959285.0,-1959285.0,-1959285.0,-1959285.0,-1959285.0,-1959285.0,-1959285.0,-1959285.0,-1959285.0,-1959285.0,-1959285.0,-1959285.0,-1959285.0,-1959285.0,-1959285.0,-1959285.0,-1959285.0,-1959285.0,-1959285.0,-1959285.0,-1959285.0,-1959285.0,-1959285.0,-1959285.0,-1959285.0,-1959285.0,-1959285.0,-1959285.0,-1959285.0,-1959285.0,-1959285.0,-1959285.0,-1959285.0,-1959285.0,-1959285.0,-1959285.0,-1959285.0,-1959285.0,-1959285.0,-1959285.0,-1959285.0,-1959285.0
-1959315.0,-1959315.0,-1959315.0,-1959315.0,-1959315.0,-1959315.0,-1959315.0,-1959315.0,-1959315.0,-1959315.0,-1959315.0,-1959315.0,-1959315.0,-1959315.0,-1959315.0,-1959315.0,-1959315.0,-1959315.0,-1959315.0,-1959315.0,-1959315.0,-1959315.0,-1959315.0,-1959315.0,-1959315.0,-1959315.0,-1959315.0,-1959315.0,-1959315.0,-1959315.0,-1959315.0,-1959315.0,-1959315.0,-1959315.0,-1959315.0,-1959315.0,-1959315.0,-1959315.0,-1959315.0,-1959315.0,-1959315.0,-1959315.0,-1959315.0,-1959315.0,-1959315.0,-1959315.0,-1959315.0,-1959315.0,-1959315.0,-1959315.0,-1959315.0,-1959315.0,-1959315.0,-1959315.0,-1959315.0,-1959315.0,-1959315.0,-1959315.0,-1959315.0,-1959315.0,-1959315.0,-1959315.0,-1959315.0,-1959315.0,-1959315.0,-1959315.0,-1959315.0,-1959315.0,-1959315.0,-1959315.0,-1959315.0,-1959315.0,-1959315.0,-1959315.0,-1959315.0,-1959315.0,-1959315.0,-1959315.0,-1959315.0,-1959315.0,-1959315.0,-1959315.0
-1959345.0,-1959345.0,-1959345.0,-1959345.0,-1959345.0,-1959345.0,-1959345.0,-1959345.0,-1959345.0,-1959345.0,-1959345.0,-1959345.0,-1959345.0,-1959345.0,-1959345.0,-1959345.0,-1959345.0,-1959345.0,-1959345.0,-1959345.0,-1959345.0,-1959345.0,-1959345.0,-1959345.0,-1959345.0,-1959345.0,-1959345.0,-1959345.0,-1959345.0,-1959345.0,-1959345.0,-1959345.0,-1959345.0,-1959345.0,-1959345.0,-1959345.0,-1959345.0,-1959345.0,-1959345.0,-1959345.0,-1959345.0,-1959345.0,-1959345.0,-1959345.0,-1959345.0,-1959345.0,-1959345.0,-1959345.0,-1959345.0,-1959345.0,-1959345.0,-1959345.0,-1959345.0,-1959345.0,-1959345.0,-1959345.0,-1959345.0,-1959345.0,-1959345.0,-1959345.0,-1959345.0,-1959345.0,-1959345.0,-1959345.0,-1959345.0,-1959345.0,-1959345.0,-1959345.0,-1959345.0,-1959345.0,-1959345.0,-1959345.0,-1959345.0,-1959345.0,-1959345.0,-1959345.0,-1959345.0,-1959345.0,-1959345.0,-1959345.0,-1959345.0,-1959345.0
-1959375.0,-1959375.0,-1959375.0,-1959375.0,-1959375.0,-1959375.0,-1959375.0,-1959375.0,-1959375.0,-1959375.0,-1959375.0,-1959375.0,-1959375.0,-1959375.0,-1959375.0,-1959375.0,-1959375.0,-1959375.0,-1959375.0,-1959375.0,-1959375.0,-1959375.0,-1959375.0,-1959375.0,-1959375.0,-1959375.0,-1959375.0,-1959375.0,-1959375.0,-1959375.0,-1959375.0,-1959375.0,-1959375.0,-1959375.0,-1959375.0,-1959375.0,-1959375.0,-1959375.0,-1959375.0,-1959375.0,-1959375.0,-1959375.0,-1959375.0,-1959375.0,-1959375.0,-1959375.0,-1959375.0,-1959375.0,-1959375.0,-1959375.0,-1959375.0,-1959375.0,-1959375.0,-1959375.0,-1959375.0,-1959375.0,-1959375.0,-1959375.0,-1959375.0,-1959375.0,-1959375.0,-1959375.0,-1959375.0,-1959375.0,-1959375.0,-1959375.0,-1959375.0,-1959375.0,-1959375.0,-1959375.0,-1959375.0,-1959375.0,-1959375.0,-1959375.0,-1959375.0,-1959375.0,-1959375.0,-1959375.0,-1959375.0,-1959375.0,-1959375.0,-1959375.0
-1959405.0,-1959405.0,-1959405.0,-1959405.0,-1959405.0,-1959405.0,-1959405.0,-1959405.0,-1959405.0,-1959405.0,-1959405.0,-1959405.0,-1959405.0,-1959405.0,-1959405.0,-1959405.0,-1959405.0,-1959405.0,-1959405.0,-1959405.0,-1959405.0,-1959405.0,-1959405.0,-1959405.0,-1959405.0,-1959405.0,-1959405.0,-1959405.0,-1959405.0,-1959405.0,-1959405.0,-1959405.0,-1959405.0,-1959405.0,-1959405.0,-1959405.0,-1959405.0,-1959405.0,-1959405.0,-1959405.0,-1959405.0,-1959405.0,-1959405.0,-1959405.0,-1959405.0,-1959405.0,-1959405.0,-1959405.0,-1959405.0,-1959405.0,-1959405.0,-1959405.0,-1959405.0,-1959405.0,-1959405.0,-1959405.0,-1959405.0,-1959405.0,-1959405.0,-1959405.0,-1959405.0,-1959405.0,-1959405.0,-1959405.0,-1959405.0,-1959405.0,-1959405.0,-1959405.0,-1959405.0,-1959405.0,-1959405.0,-1959405.0,-1959405.0,-1959405.0,-1959405.0,-1959405.0,-1959405.0,-1959405.0,-1959405.0,-1959405.0,-1959405.0,-1959405.0
-1959435.0,-1959435.0,-1959435.0,-1959435.0,-1959435.0,-1959435.0,-1959435.0,-1959435.0,-1959435.0,-1959435.0,-1959435.0,-1959435.0,-1959435.0,-1959435.0,-1959435.0,-1959435.0,-1959435.0,-1959435.0,-1959435.0,-1959435.0,-1959435.0,-1959435.0,-1959435.0,-1959435.0,-1959435.0,-1959435.0,-1959435.0,-1959435.0,-1959435.0,-1959435.0,-1959435.0,-1959435.0,-1959435.0,-1959435.0,-1959435.0,-1959435.0,-1959435.0,-1959435.0,-1959435.0,-1959435.0,-1959435.0,-1959435.0,-1959435.0,-1959435.0,-1959435.0,-1959435.0,-1959435.0,-1959435.0,-1959435.0,-1959435.0,-1959435.0,-1959435.0,-1959435.0,-1959435.0,-1959435.0,-1959435.0,-1959435.0,-1959435.0,-1959435.0,-1959435.0,-1959435.0,-1959435.0,-1959435.0,-1959435.0,-1959435.0,-1959435.0,-1959435.0,-1959435.0,-1959435.0,-1959435.0,-1959435.0,-1959435.0,-1959435.0,-1959435.0,-1959435.0,-1959435.0,-1959435.0,-1959435.0,-1959435.0,-1959435.0,-1959435.0,-1959435.0
-1959465.0,-1959465.0,-1959465.0,-1959465.0,-1959465.0,-1959465.0,-1959465.0,-1959465.0,-1959465.0,-1959465.0,-1959465.0,-1959465.0,-1959465.0,-1959465.0,-1959465.0,-1959465.0,-1959465.0,-1959465.0,-1959465.0,-1959465.0,-1959465.0,-1959465.0,-1959465.0,-1959465.0,-1959465.0,-1959465.0,-1959465.0,-1959465.0,-1959465.0,-1959465.0,-1959465.0,-1959465.0,-1959465.0,-1959465.0,-1959465.0,-1959465.0,-1959465.0,-1959465.0,-1959465.0,-1959465.0,-1959465.0,-1959465.0,-1959465.0,-1959465.0,-1959465.0,-1959465.0,-1959465.0,-1959465.0,-1959465.0,-1959465.0,-1959465.0,-1959465.0,-1959465.0,-1959465.0,-1959465.0,-1959465.0,-1959465.0,-1959465.0,-1959465.0,-1959465.0,-1959465.0,-1959465.0,-1959465.0,-1959465.0,-1959465.0,-1959465.0,-1959465.0,-1959465.0,-1959465.0,-1959465.0,-1959465.0,-1959465.0,-1959465.0,-1959465.0,-1959465.0,-1959465.0,-1959465.0,-1959465.0,-1959465.0,-1959465.0,-1959465.0,-1959465.0
-1959495.0,-1959495.0,-1959495.0,-1959495.0,-1959495.0,-1959495.0,-1959495.0,-1959495.0,-1959495.0,-1959495.0,-1959495.0,-1959495.0,-1959495.0,-1959495.0,-1959495.0,-1959495.0,-1959495.0,-1959495.0,-1959495.0,-1959495.0,-1959495.0,-1959495.0,-1959495.0,-1959495.0,-1959495.0,-1959495.0,-1959495.0,-1959495.0,-1959495.0,-1959495.0,-1959495.0,-1959495.0,-1959495.0,-1959495.0,-1959495.0,-1959495.0,-1959495.0,-1959495.0,-1959495.0,-1959495.0,-1959495.0,-1959495.0,-1959495.0,-1959495.0,-1959495.0,-1959495.0,-1959495.0,-1959495.0,-1959495.0,-1959495.0,-1959495.0,-1959495.0,-1959495.0,-1959495.0,-1959495.0,-1959495.0,-1959495.0,-1959495.0,-1959495.0,-1959495.0,-1959495.0,-1959495.0,-1959495.0,-1959495.0,-1959495.0,-1959495.0,-1959495.0,-1959495.0,-1959495.0,-1959495.0,-1959495.0,-1959495.0,-1959495.0,-1959495.0,-1959495.0,-1959495.0,-1959495.0,-1959495.0,-1959495.0,-1959495.0,-1959495.0,-1959495.0
-1959525.0,-1959525.0,-1959525.0,-1959525.0,-1959525.0,-1959525.0,-1959525.0,-1959525.0,-1959525.0,-1959525.0,-1959525.0,-1959525.0,-1959525.0,-1959525.0,-1959525.0,-1959525.0,-1959525.0,-1959525.0,-1959525.0,-1959525.0,-1959525.0,-1959525.0,-1959525.0,-1959525.0,-1959525.0,-1959525.0,-1959525.0,-1959525.0,-1959525.0,-1959525.0,-1959525.0,-1959525.0,-1959525.0,-1959525.0,-1959525.0,-1959525.0,-1959525.0,-1959525.0,-1959525.0,-1959525.0,-1959525.0,-1959525.0,-1959525.0,-1959525.0,-1959525.0,-1959525.0,-1959525.0,-1959525.0,-1959525.0,-1959525.0,-1959525.0,-1959525.0,-1959525.0,-1959525.0,-1959525.0,-1959525.0,-1959525.0,-1959525.0,-1959525.0,-1959525.0,-1959525.0,-1959525.0,-1959525.0,-1959525.0,-1959525.0,-1959525.0,-1959525.0,-1959525.0,-1959525.0,-1959525.0,-1959525.0,-1959525.0,-1959525.0,-1959525.0,-1959525.0,-1959525.0,-1959525.0,-1959525.0,-1959525.0,-1959525.0,-1959525.0,-1959525.0
-1959555.0,-1959555.0,-1959555.0,-1959555.0,-1959555.0,-1959555.0,-1959555.0,-1959555.0,-1959555.0,-1959555.0,-1959555.0,-1959555.0,-1959555.0,-1959555.0,-1959555.0,-1959555.0,-1959555.0,-1959555.0,-1959555.0,-1959555.0,-1959555.0,-1959555.0,-1959555.0,-1959555.0,-1959555.0,-1959555.0,-1959555.0,-1959555.0,-1959555.0,-1959555.0,-1959555.0,-1959555.0,-1959555.0,-1959555.0,-1959555.0,-1959555.0,-1959555.0,-1959555.0,-1959555.0,-1959555.0,-1959555.0,-1959555.0,-1959555.0,-1959555.0,-1959555.0,-1959555.0,-1959555.0,-1959555.0,-1959555.0,-1959555.0,-1959555.0,-1959555.0,-1959555.0,-1959555.0,-1959555.0,-1959555.0,-1959555.0,-1959555.0,-1959555.0,-1959555.0,-1959555.0,-1959555.0,-1959555.0,-1959555.0,-1959555.0,-1959555.0,-1959555.0,-1959555.0,-1959555.0,-1959555.0,-1959555.0,-1959555.0,-1959555.0,-1959555.0,-1959555.0,-1959555.0,-1959555.0,-1959555.0,-1959555.0,-1959555.0,-1959555.0,-1959555.0
-1959585.0,-1959585.0,-1959585.0,-1959585.0,-1959585.0,-1959585.0,-1959585.0,-1959585.0,-1959585.0,-1959585.0,-1959585.0,-1959585.0,-1959585.0,-1959585.0,-1959585.0,-1959585.0,-1959585.0,-1959585.0,-1959585.0,-1959585.0,-1959585.0,-1959585.0,-1959585.0,-1959585.0,-1959585.0,-1959585.0,-1959585.0,-1959585.0,-1959585.0,-1959585.0,-1959585.0,-1959585.0,-1959585.0,-1959585.0,-1959585.0,-1959585.0,-1959585.0,-1959585.0,-1959585.0,-1959585.0,-1959585.0,-1959585.0,-1959585.0,-1959585.0,-1959585.0,-1959585.0,-1959585.0,-1959585.0,-1959585.0,-1959585.0,-1959585.0,-1959585.0,-1959585.0,-1959585.0,-1959585.0,-1959585.0,-1959585.0,-1959585.0,-1959585.0,-1959585.0,-1959585.0,-1959585.0,-1959585.0,-1959585.0,-1959585.0,-1959585.0,-1959585.0,-1959585.0,-1959585.0,-1959585.0,-1959585.0,-1959585.0,-1959585.0,-1959585.0,-1959585.0,-1959585.0,-1959585.0,-1959585.0,-1959585.0,-1959585.0,-1959585.0,-1959585.0
-1959615.0,-1959615.0,-1959615.0,-1959615.0,-1959615.0,-1959615.0,-1959615.0,-1959615.0,-1959615.0,-1959615.0,-1959615.0,-1959615.0,-1959615.0,-1959615.0,-1959615.0,-1959615.0,-1959615.0,-1959615.0,-1959615.0,-1959615.0,-1959615.0,-1959615.0,-1959615.0,-1959615.0,-1959615.0,-1959615.0,-1959615.0,-1959615.0,-1959615.0,-1959615.0,-1959615.0,-1959615.0,-1959615.0,-1959615.0,-1959615.0,-1959615.0,-1959615.0,-1959615.0,-1959615.0,-1959615.0,-1959615.0,-1959615.0,-1959615.0,-1959615.0,-1959615.0,-1959615.0,-1959615.0,-1959615.0,-1959615.0,-1959615.0,-1959615.0,-1959615.0,-1959615.0,-1959615.0,-1959615.0,-1959615.0,-1959615.0,-1959615.0,-1959615.0,-1959615.0,-1959615.0,-1959615.0,-1959615.0,-1959615.0,-1959615.0,-1959615.0,-1959615.0,-1959615.0,-1959615.0,-1959615.0,-1959615.0,-1959615.0,-1959615.0,-1959615.0,-1959615.0,-1959615.0,-1959615.0,-1959615.0,-1959615.0,-1959615.0,-1959615.0,-1959615.0
-1959645.0,-1959645.0,-1959645.0,-1959645.0,-1959645.0,-1959645.0,-1959645.0,-1959645.0,-1959645.0,-1959645.0,-1959645.0,-1959645.0,-1959645.0,-1959645.0,-1959645.0,-1959645.0,-1959645.0,-1959645.0,-1959645.0,-1959645.0,-1959645.0,-1959645.0,-1959645.0,-1959645.0,-1959645.0,-1959645.0,-1959645.0,-1959645.0,-1959645.0,-1959645.0,-1959645.0,-1959645.0,-1959645.0,-1959645.0,-1959645.0,-1959645.0,-1959645.0,-1959645.0,-1959645.0,-1959645.0,-1959645.0,-1959645.0,-1959645.0,-1959645.0,-1959645.0,-1959645.0,-1959645.0,-1959645.0,-1959645.0,-1959645.0,-1959645.0,-1959645.0,-1959645.0,-1959645.0,-1959645.0,-1959645.0,-1959645.0,-1959645.0,-1959645.0,-1959645.0,-1959645.0,-1959645.0,-1959645.0,-1959645.0,-1959645.0,-1959645.0,-1959645.0,-1959645.0,-1959645.0,-1959645.0,-1959645.0,-1959645.0,-1959645.0,-1959645.0,-1959645.0,-1959645.0,-1959645.0,-1959645.0,-1959645.0,-1959645.0,-1959645.0,-1959645.0
-1959675.0,-1959675.0,-1959675.0,-1959675.0,-1959675.0,-1959675.0,-1959675.0,-1959675.0,-1959675.0,-1959675.0,-1959675.0,-1959675.0,-1959675.0,-1959675.0,-1959675.0,-1959675.0,-1959675.0,-1959675.0,-1959675.0,-1959675.0,-1959675.0,-1959675.0,-1959675.0,-1959675.0,-1959675.0,-1959675.0,-1959675.0,-1959675.0,-1959675.0,-1959675.0,-1959675.0,-1959675.0,-1959675.0,-1959675.0,-1959675.0,-1959675.0,-1959675.0,-1959675.0,-1959675.0,-1959675.0,-1959675.0,-1959675.0,-1959675.0,-1959675.0,-1959675.0,-1959675.0,-1959675.0,-1959675.0,-1959675.0,-1959675.0,-1959675.0,-1959675.0,-1959675.0,-1959675.0,-1959675.0,-1959675.0,-1959675.0,-1959675.0,-1959675.0,-1959675.0,-1959675.0,-1959675.0,-1959675.0,-1959675.0,-1959675.0,-1959675.0,-1959675.0,-1959675.0,-1959675.0,-1959675.0,-1959675.0,-1959675.0,-1959675.0,-1959675.0,-1959675.0,-1959675.0,-1959675.0,-1959675.0,-1959675.0,-1959675.0,-1959675.0,-1959675.0
-1959705.0,-1959705.0,-1959705.0,-1959705.0,-1959705.0,-1959705.0,-1959705.0,-1959705.0,-1959705.0,-1959705.0,-1959705.0,-1959705.0,-1959705.0,-1959705.0,-1959705.0,-1959705.0,-1959705.0,-1959705.0,-1959705.0,-1959705.0,-1959705.0,-1959705.0,-1959705.0,-1959705.0,-1959705.0,-1959705.0,-1959705.0,-1959705.0,-1959705.0,-1959705.0,-1959705.0,-1959705.0,-1959705.0,-1959705.0,-1959705.0,-1959705.0,-1959705.0,-1959705.0,-1959705.0,-1959705.0,-1959705.0,-1959705.0,-1959705.0,-1959705.0,-1959705.0,-1959705.0,-1959705.0,-1959705.0,-1959705.0,-1959705.0,-1959705.0,-1959705.0,-1959705.0,-1959705.0,-1959705.0,-1959705.0,-1959705.0,-1959705.0,-1959705.0,-1959705.0,-1959705.0,-1959705.0,-1959705.0,-1959705.0,-1959705.0,-1959705.0,-1959705.0,-1959705.0,-1959705.0,-1959705.0,-1959705.0,-1959705.0,-1959705.0,-1959705.0,-1959705.0,-1959705.0,-1959705.0,-1959705.0,-1959705.0,-1959705.0,-1959705.0,-1959705.0
-1959735.0,-1959735.0,-1959735.0,-1959735.0,-1959735.0,-1959735.0,-1959735.0,-1959735.0,-1959735.0,-1959735.0,-1959735.0,-1959735.0,-1959735.0,-1959735.0,-1959735.0,-1959735.0,-1959735.0,-1959735.0,-1959735.0,-1959735.0,-1959735.0,-1959735.0,-1959735.0,-1959735.0,-1959735.0,-1959735.0,-1959735.0,-1959735.0,-1959735.0,-1959735.0,-1959735.0,-1959735.0,-1959735.0,-1959735.0,-1959735.0,-1959735.0,-1959735.0,-1959735.0,-1959735.0,-1959735.0,-1959735.0,-1959735.0,-1959735.0,-1959735.0,-1959735.0,-1959735.0,-1959735.0,-1959735.0,-1959735.0,-1959735.0,-1959735.0,-1959735.0,-1959735.0,-1959735.0,-1959735.0,-1959735.0,-1959735.0,-1959735.0,-1959735.0,-1959735.0,-1959735.0,-1959735.0,-1959735.0,-1959735.0,-1959735.0,-1959735.0,-1959735.0,-1959735.0,-1959735.0,-1959735.0,-1959735.0,-1959735.0,-1959735.0,-1959735.0,-1959735.0,-1959735.0,-1959735.0,-1959735.0,-1959735.0,-1959735.0,-1959735.0,-1959735.0
-1959765.0,-1959765.0,-1959765.0,-1959765.0,-1959765.0,-1959765.0,-1959765.0,-1959765.0,-1959765.0,-1959765.0,-1959765.0,-1959765.0,-1959765.0,-1959765.0,-1959765.0,-1959765.0,-1959765.0,-1959765.0,-1959765.0,-1959765.0,-1959765.0,-1959765.0,-1959765.0,-1959765.0,-1959765.0,-1959765.0,-1959765.0,-1959765.0,-1959765.0,-1959765.0,-1959765.0,-1959765.0,-1959765.0,-1959765.0,-1959765.0,-1959765.0,-1959765.0,-1959765.0,-1959765.0,-1959765.0,-1959765.0,-1959765.0,-1959765.0,-1959765.0,-1959765.0,-1959765.0,-1959765.0,-1959765.0,-1959765.0,-1959765.0,-1959765.0,-1959765.0,-1959765.0,-1959765.0,-1959765.0,-1959765.0,-1959765.0,-1959765.0,-1959765.0,-1959765.0,-1959765.0,-1959765.0,-1959765.0,-1959765.0,-1959765.0,-1959765.0,-1959765.0,-1959765.0,-1959765.0,-1959765.0,-1959765.0,-1959765.0,-1959765.0,-1959765.0,-1959765.0,-1959765.0,-1959765.0,-1959765.0,-1959765.0,-1959765.0,-1959765.0,-1959765.0
-1959795.0,-1959795.0,-1959795.0,-1959795.0,-1959795.0,-1959795.0,-1959795.0,-1959795.0,-1959795.0,-1959795.0,-1959795.0,-1959795.0,-1959795.0,-1959795.0,-1959795.0,-1959795.0,-1959795.0,-1959795.0,-1959795.0,-1959795.0,-1959795.0,-1959795.0,-1959795.0,-1959795.0,-1959795.0,-1959795.0,-1959795.0,-1959795.0,-1959795.0,-1959795.0,-1959795.0,-1959795.0,-1959795.0,-1959795.0,-1959795.0,-1959795.0,-1959795.0,-1959795.0,-1959795.0,-1959795.0,-1959795.0,-1959795.0,-1959795.0,-1959795.0,-1959795.0,-1959795.0,-1959795.0,-1959795.0,-1959795.0,-1959795.0,-1959795.0,-1959795.0,-1959795.0,-1959795.0,-1959795.0,-1959795.0,-1959795.0,-1959795.0,-1959795.0,-1959795.0,-1959795.0,-1959795.0,-1959795.0,-1959795.0,-1959795.0,-1959795.0,-1959795.0,-1959795.0,-1959795.0,-1959795.0,-1959795.0,-1959795.0,-1959795.0,-1959795.0,-1959795.0,-1959795.0,-1959795.0,-1959795.0,-1959795.0,-1959795.0,-1959795.0,-1959795.0
-1959825.0,-1959825.0,-1959825.0,-1959825.0,-1959825.0,-1959825.0,-1959825.0,-1959825.0,-1959825.0,-1959825.0,-1959825.0,-1959825.0,-1959825.0,-1959825.0,-1959825.0,-1959825.0,-1959825.0,-1959825.0,-1959825.0,-1959825.0,-1959825.0,-1959825.0,-1959825.0,-1959825.0,-1959825.0,-1959825.0,-1959825.0,-1959825.0,-1959825.0,-1959825.0,-1959825.0,-1959825.0,-1959825.0,-1959825.0,-1959825.0,-1959825.0,-1959825.0,-1959825.0,-1959825.0,-1959825.0,-1959825.0,-1959825.0,-1959825.0,-1959825.0,-1959825.0,-1959825.0,-1959825.0,-1959825.0,-1959825.0,-1959825.0,-1959825.0,-1959825.0,-1959825.0,-1959825.0,-1959825.0,-1959825.0,-1959825.0,-1959825.0,-1959825.0,-1959825.0,-1959825.0,-1959825.0,-1959825.0,-1959825.0,-1959825.0,-1959825.0,-1959825.0,-1959825.0,-1959825.0,-1959825.0,-1959825.0,-1959825.0,-1959825.0,-1959825.0,-1959825.0,-1959825.0,-1959825.0,-1959825.0,-1959825.0,-1959825.0,-1959825.0,-1959825.0
-1959855.0,-1959855.0,-1959855.0,-1959855.0,-1959855.0,-1959855.0,-1959855.0,-1959855.0,-1959855.0,-1959855.0,-1959855.0,-1959855.0,-1959855.0,-1959855.0,-1959855.0,-1959855.0,-1959855.0,-1959855.0,-1959855.0,-1959855.0,-1959855.0,-1959855.0,-1959855.0,-1959855.0,-1959855.0,-1959855.0,-1959855.0,-1959855.0,-1959855.0,-1959855.0,-1959855.0,-1959855.0,-1959855.0,-1959855.0,-1959855.0,-1959855.0,-1959855.0,-1959855.0,-1959855.0,-1959855.0,-1959855.0,-1959855.0,-1959855.0,-1959855.0,-1959855.0,-1959855.0,-1959855.0,-1959855.0,-1959855.0,-1959855.0,-1959855.0,-1959855.0,-1959855.0,-1959855.0,-1959855.0,-1959855.0,-1959855.0,-1959855.0,-1959855.0,-1959855.0,-1959855.0,-1959855.0,-1959855.0,-1959855.0,-1959855.0,-1959855.0,-1959855.0,-1959855.0,-1959855.0,-1959855.0,-1959855.0,-1959855.0,-1959855.0,-1959855.0,-1959855.0,-1959855.0,-1959855.0,-1959855.0,-1959855.0,-1959855.0,-1959855.0,-1959855.0
-1959885.0,-1959885.0,-1959885.0,-1959885.0,-1959885.0,-1959885.0,-1959885.0,-1959885.0,-1959885.0,-1959885.0,-1959885.0,-1959885.0,-1959885.0,-1959885.0,-1959885.0,-1959885.0,-1959885.0,-1959885.0,-1959885.0,-1959885.0,-1959885.0,-1959885.0,-1959885.0,-1959885.0,-1959885.0,-1959885.0,-1959885.0,-1959885.0,-1959885.0,-1959885.0,-1959885.0,-1959885.0,-1959885.0,-1959885.0,-1959885.0,-1959885.0,-1959885.0,-1959885.0,-1959885.0,-1959885.0,-1959885.0,-1959885.0,-1959885.0,-1959885.0,-1959885.0,-1959885.0,-1959885.0,-1959885.0,-1959885.0,-1959885.0,-1959885.0,-1959885.0,-1959885.0,-1959885.0,-1959885.0,-1959885.0,-1959885.0,-1959885.0,-1959885.0,-1959885.0,-1959885.0,-1959885.0,-1959885.0,-1959885.0,-1959885.0,-1959885.0,-1959885.0,-1959885.0,-1959885.0,-1959885.0,-1959885.0,-1959885.0,-1959885.0,-1959885.0,-1959885.0,-1959885.0,-1959885.0,-1959885.0,-1959885.0,-1959885.0,-1959885.0,-1959885.0
-1959915.0,-1959915.0,-1959915.0,-1959915.0,-1959915.0,-1959915.0,-1959915.0,-1959915.0,-1959915.0,-1959915.0,-1959915.0,-1959915.0,-1959915.0,-1959915.0,-1959915.0,-1959915.0,-1959915.0,-1959915.0,-1959915.0,-1959915.0,-1959915.0,-1959915.0,-1959915.0,-1959915.0,-1959915.0,-1959915.0,-1959915.0,-1959915.0,-1959915.0,-1959915.0,-1959915.0,-1959915.0,-1959915.0,-1959915.0,-1959915.0,-1959915.0,-1959915.0,-1959915.0,-1959915.0,-1959915.0,-1959915.0,-1959915.0,-1959915.0,-1959915.0,-1959915.0,-1959915.0,-1959915.0,-1959915.0,-1959915.0,-1959915.0,-1959915.0,-1959915.0,-1959915.0,-1959915.0,-1959915.0,-1959915.0,-1959915.0,-1959915.0,-1959915.0,-1959915.0,-1959915.0,-1959915.0,-1959915.0,-1959915.0,-1959915.0,-1959915.0,-1959915.0,-1959915.0,-1959915.0,-1959915.0,-1959915.0,-1959915.0,-1959915.0,-1959915.0,-1959915.0,-1959915.0,-1959915.0,-1959915.0,-1959915.0,-1959915.0,-1959915.0,-1959915.0
-1959945.0,-1959945.0,-1959945.0,-1959945.0,-1959945.0,-1959945.0,-1959945.0,-1959945.0,-1959945.0,-1959945.0,-1959945.0,-1959945.0,-1959945.0,-1959945.0,-1959945.0,-1959945.0,-1959945.0,-1959945.0,-1959945.0,-1959945.0,-1959945.0,-1959945.0,-1959945.0,-1959945.0,-1959945.0,-1959945.0,-1959945.0,-1959945.0,-1959945.0,-1959945.0,-1959945.0,-1959945.0,-1959945.0,-1959945.0,-1959945.0,-1959945.0,-1959945.0,-1959945.0,-1959945.0,-1959945.0,-1959945.0,-1959945.0,-1959945.0,-1959945.0,-1959945.0,-1959945.0,-1959945.0,-1959945.0,-1959945.0,-1959945.0,-1959945.0,-1959945.0,-1959945.0,-1959945.0,-1959945.0,-1959945.0,-1959945.0,-1959945.0,-1959945.0,-1959945.0,-1959945.0,-1959945.0,-1959945.0,-1959945.0,-1959945.0,-1959945.0,-1959945.0,-1959945.0,-1959945.0,-1959945.0,-1959945.0,-1959945.0,-1959945.0,-1959945.0,-1959945.0,-1959945.0,-1959945.0,-1959945.0,-1959945.0,-1959945.0,-1959945.0,-1959945.0
-1959975.0,-1959975.0,-1959975.0,-1959975.0,-1959975.0,-1959975.0,-1959975.0,-1959975.0,-1959975.0,-1959975.0,-1959975.0,-1959975.0,-1959975.0,-1959975.0,-1959975.0,-1959975.0,-1959975.0,-1959975.0,-1959975.0,-1959975.0,-1959975.0,-1959975.0,-1959975.0,-1959975.0,-1959975.0,-1959975.0,-1959975.0,-1959975.0,-1959975.0,-1959975.0,-1959975.0,-1959975.0,-1959975.0,-1959975.0,-1959975.0,-1959975.0,-1959975.0,-1959975.0,-1959975.0,-1959975.0,-1959975.0,-1959975.0,-1959975.0,-1959975.0,-1959975.0,-1959975.0,-1959975.0,-1959975.0,-1959975.0,-1959975.0,-1959975.0,-1959975.0,-1959975.0,-1959975.0,-1959975.0,-1959975.0,-1959975.0,-1959975.0,-1959975.0,-1959975.0,-1959975.0,-1959975.0,-1959975.0,-1959975.0,-1959975.0,-1959975.0,-1959975.0,-1959975.0,-1959975.0,-1959975.0,-1959975.0,-1959975.0,-1959975.0,-1959975.0,-1959975.0,-1959975.0,-1959975.0,-1959975.0,-1959975.0,-1959975.0,-1959975.0,-1959975.0
-1960005.0,-1960005.0,-1960005.0,-1960005.0,-1960005.0,-1960005.0,-1960005.0,-1960005.0,-1960005.0,-1960005.0,-1960005.0,-1960005.0,-1960005.0,-1960005.0,-1960005.0,-1960005.0,-1960005.0,-1960005.0,-1960005.0,-1960005.0,-1960005.0,-1960005.0,-1960005.0,-1960005.0,-1960005.0,-1960005.0,-1960005.0,-1960005.0,-1960005.0,-1960005.0,-1960005.0,-1960005.0,-1960005.0,-1960005.0,-1960005.0,-1960005.0,-1960005.0,-1960005.0,-1960005.0,-1960005.0,-1960005.0,-1960005.0,-1960005.0,-1960005.0,-1960005.0,-1960005.0,-1960005.0,-1960005.0,-1960005.0,-1960005.0,-1960005.0,-1960005.0,-1960005.0,-1960005.0,-1960005.0,-1960005.0,-1960005.0,-1960005.0,-1960005.0,-1960005.0,-1960005.0,-1960005.0,-1960005.0,-1960005.0,-1960005.0,-1960005.0,-1960005.0,-1960005.0,-1960005.0,-1960005.0,-1960005.0,-1960005.0,-1960005.0,-1960005.0,-1960005.0,-1960005.0,-1960005.0,-1960005.0,-1960005.0,-1960005.0,-1960005.0,-1960005.0
-1960035.0,-1960035.0,-1960035.0,-1960035.0,-1960035.0,-1960035.0,-1960035.0,-1960035.0,-1960035.0,-1960035.0,-1960035.0,-1960035.0,-1960035.0,-1960035.0,-1960035.0,-1960035.0,-1960035.0,-1960035.0,-1960035.0,-1960035.0,-1960035.0,-1960035.0,-1960035.0,-1960035.0,-1960035.0,-1960035.0,-1960035.0,-1960035.0,-1960035.0,-1960035.0,-1960035.0,-1960035.0,-1960035.0,-1960035.0,-1960035.0,-1960035.0,-1960035.0,-1960035.0,-1960035.0,-1960035.0,-1960035.0,-1960035.0,-1960035.0,-1960035.0,-1960035.0,-1960035.0,-1960035.0,-1960035.0,-1960035.0,-1960035.0,-1960035.0,-1960035.0,-1960035.0,-1960035.0,-1960035.0,-1960035.0,-1960035.0,-1960035.0,-1960035.0,-1960035.0,-1960035.0,-1960035.0,-1960035.0,-1960035.0,-1960035.0,-1960035.0,-1960035.0,-1960035.0,-1960035.0,-1960035.0,-1960035.0,-1960035.0,-1960035.0,-1960035.0,-1960035.0,-1960035.0,-1960035.0,-1960035.0,-1960035.0,-1960035.0,-1960035.0,-1960035.0
-1960065.0,-1960065.0,-1960065.0,-1960065.0,-1960065.0,-1960065.0,-1960065.0,-1960065.0,-1960065.0,-1960065.0,-1960065.0,-1960065.0,-1960065.0,-1960065.0,-1960065.0,-1960065.0,-1960065.0,-1960065.0,-1960065.0,-1960065.0,-1960065.0,-1960065.0,-1960065.0,-1960065.0,-1960065.0,-1960065.0,-1960065.0,-1960065.0,-1960065.0,-1960065.0,-1960065.0,-1960065.0,-1960065.0,-1960065.0,-1960065.0,-1960065.0,-1960065.0,-1960065.0,-1960065.0,-1960065.0,-1960065.0,-1960065.0,-1960065.0,-1960065.0,-1960065.0,-1960065.0,-1960065.0,-1960065.0,-1960065.0,-1960065.0,-1960065.0,-1960065.0,-1960065.0,-1960065.0,-1960065.0,-1960065.0,-1960065.0,-1960065.0,-1960065.0,-1960065.0,-1960065.0,-1960065.0,-1960065.0,-1960065.0,-1960065.0,-1960065.0,-1960065.0,-1960065.0,-1960065.0,-1960065.0,-1960065.0,-1960065.0,-1960065.0,-1960065.0,-1960065.0,-1960065.0,-1960065.0,-1960065.0,-1960065.0,-1960065.0,-1960065.0,-1960065.0
-1960095.0,-1960095.0,-1960095.0,-1960095.0,-1960095.0,-1960095.0,-1960095.0,-1960095.0,-1960095.0,-1960095.0,-1960095.0,-1960095.0,-1960095.0,-1960095.0,-1960095.0,-1960095.0,-1960095.0,-1960095.0,-1960095.0,-1960095.0,-1960095.0,-1960095.0,-1960095.0,-1960095.0,-1960095.0,-1960095.0,-1960095.0,-1960095.0,-1960095.0,-1960095.0,-1960095.0,-1960095.0,-1960095.0,-1960095.0,-1960095.0,-1960095.0,-1960095.0,-1960095.0,-1960095.0,-1960095.0,-1960095.0,-1960095.0,-1960095.0,-1960095.0,-1960095.0,-1960095.0,-1960095.0,-1960095.0,-1960095.0,-1960095.0,-1960095.0,-1960095.0,-1960095.0,-1960095.0,-1960095.0,-1960095.0,-1960095.0,-1960095.0,-1960095.0,-1960095.0,-1960095.0,-1960095.0,-1960095.0,-1960095.0,-1960095.0,-1960095.0,-1960095.0,-1960095.0,-1960095.0,-1960095.0,-1960095.0,-1960095.0,-1960095.0,-1960095.0,-1960095.0,-1960095.0,-1960095.0,-1960095.0,-1960095.0,-1960095.0,-1960095.0,-1960095.0
-1960125.0,-1960125.0,-1960125.0,-1960125.0,-1960125.0,-1960125.0,-1960125.0,-1960125.0,-1960125.0,-1960125.0,-1960125.0,-1960125.0,-1960125.0,-1960125.0,-1960125.0,-1960125.0,-1960125.0,-1960125.0,-1960125.0,-1960125.0,-1960125.0,-1960125.0,-1960125.0,-1960125.0,-1960125.0,-1960125.0,-1960125.0,-1960125.0,-1960125.0,-1960125.0,-1960125.0,-1960125.0,-1960125.0,-1960125.0,-1960125.0,-1960125.0,-1960125.0,-1960125.0,-1960125.0,-1960125.0,-1960125.0,-1960125.0,-1960125.0,-1960125.0,-1960125.0,-1960125.0,-1960125.0,-1960125.0,-1960125.0,-1960125.0,-1960125.0,-1960125.0,-1960125.0,-1960125.0,-1960125.0,-1960125.0,-1960125.0,-1960125.0,-1960125.0,-1960125.0,-1960125.0,-1960125.0,-1960125.0,-1960125.0,-1960125.0,-1960125.0,-1960125.0,-1960125.0,-1960125.0,-1960125.0,-1960125.0,-1960125.0,-1960125.0,-1960125.0,-1960125.0,-1960125.0,-1960125.0,-1960125.0,-1960125.0,-1960125.0,-1960125.0,-1960125.0
-1960155.0,-1960155.0,-1960155.0,-1960155.0,-1960155.0,-1960155.0,-1960155.0,-1960155.0,-1960155.0,-1960155.0,-1960155.0,-1960155.0,-1960155.0,-1960155.0,-1960155.0,-1960155.0,-1960155.0,-1960155.0,-1960155.0,-1960155.0,-1960155.0,-1960155.0,-1960155.0,-1960155.0,-1960155.0,-1960155.0,-1960155.0,-1960155.0,-1960155.0,-1960155.0,-1960155.0,-1960155.0,-1960155.0,-1960155.0,-1960155.0,-1960155.0,-1960155.0,-1960155.0,-1960155.0,-1960155.0,-1960155.0,-1960155.0,-1960155.0,-1960155.0,-1960155.0,-1960155.0,-1960155.0,-1960155.0,-1960155.0,-1960155.0,-1960155.0,-1960155.0,-1960155.0,-1960155.0,-1960155.0,-1960155.0,-1960155.0,-1960155.0,-1960155.0,-1960155.0,-1960155.0,-1960155.0,-1960155.0,-1960155.0,-1960155.0,-1960155.0,-1960155.0,-1960155.0,-1960155.0,-1960155.0,-1960155.0,-1960155.0,-1960155.0,-1960155.0,-1960155.0,-1960155.0,-1960155.0,-1960155.0,-1960155.0,-1960155.0,-1960155.0,-1960155.0
-1960185.0,-1960185.0,-1960185.0,-1960185.0,-1960185.0,-1960185.0,-1960185.0,-1960185.0,-1960185.0,-1960185.0,-1960185.0,-1960185.0,-1960185.0,-1960185.0,-1960185.0,-1960185.0,-1960185.0,-1960185.0,-1960185.0,-1960185.0,-1960185.0,-1960185.0,-1960185.0,-1960185.0,-1960185.0,-1960185.0,-1960185.0,-1960185.0,-1960185.0,-1960185.0,-1960185.0,-1960185.0,-1960185.0,-1960185.0,-1960185.0,-1960185.0,-1960185.0,-1960185.0,-1960185.0,-1960185.0,-1960185.0,-1960185.0,-1960185.0,-1960185.0,-1960185.0,-1960185.0,-1960185.0,-1960185.0,-1960185.0,-1960185.0,-1960185.0,-1960185.0,-1960185.0,-1960185.0,-1960185.0,-1960185.0,-1960185.0,-1960185.0,-1960185.0,-1960185.0,-1960185.0,-1960185.0,-1960185.0,-1960185.0,-1960185.0,-1960185.0,-1960185.0,-1960185.0,-1960185.0,-1960185.0,-1960185.0,-1960185.0,-1960185.0,-1960185.0,-1960185.0,-1960185.0,-1960185.0,-1960185.0,-1960185.0,-1960185.0,-1960185.0,-1960185.0
-1960215.0,-1960215.0,-1960215.0,-1960215.0,-1960215.0,-1960215.0,-1960215.0,-1960215.0,-1960215.0,-1960215.0,-1960215.0,-1960215.0,-1960215.0,-1960215.0,-1960215.0,-1960215.0,-1960215.0,-1960215.0,-1960215.0,-1960215.0,-1960215.0,-1960215.0,-1960215.0,-1960215.0,-1960215.0,-1960215.0,-1960215.0,-1960215.0,-1960215.0,-1960215.0,-1960215.0,-1960215.0,-1960215.0,-1960215.0,-1960215.0,-1960215.0,-1960215.0,-1960215.0,-1960215.0,-1960215.0,-1960215.0,-1960215.0,-1960215.0,-1960215.0,-1960215.0,-1960215.0,-1960215.0,-1960215.0,-1960215.0,-1960215.0,-1960215.0,-1960215.0,-1960215.0,-1960215.0,-1960215.0,-1960215.0,-1960215.0,-1960215.0,-1960215.0,-1960215.0,-1960215.0,-1960215.0,-1960215.0,-1960215.0,-1960215.0,-1960215.0,-1960215.0,-1960215.0,-1960215.0,-1960215.0,-1960215.0,-1960215.0,-1960215.0,-1960215.0,-1960215.0,-1960215.0,-1960215.0,-1960215.0,-1960215.0,-1960215.0,-1960215.0,-1960215.0
-1960245.0,-1960245.0,-1960245.0,-1960245.0,-1960245.0,-1960245.0,-1960245.0,-1960245.0,-1960245.0,-1960245.0,-1960245.0,-1960245.0,-1960245.0,-1960245.0,-1960245.0,-1960245.0,-1960245.0,-1960245.0,-1960245.0,-1960245.0,-1960245.0,-1960245.0,-1960245.0,-1960245.0,-1960245.0,-1960245.0,-1960245.0,-1960245.0,-1960245.0,-1960245.0,-1960245.0,-1960245.0,-1960245.0,-1960245.0,-1960245.0,-1960245.0,-1960245.0,-1960245.0,-1960245.0,-1960245.0,-1960245.0,-1960245.0,-1960245.0,-1960245.0,-1960245.0,-1960245.0,-1960245.0,-1960245.0,-1960245.0,-1960245.0,-1960245.0,-1960245.0,-1960245.0,-1960245.0,-1960245.0,-1960245.0,-1960245.0,-1960245.0,-1960245.0,-1960245.0,-1960245.0,-1960245.0,-1960245.0,-1960245.0,-1960245.0,-1960245.0,-1960245.0,-1960245.0,-1960245.0,-1960245.0,-1960245.0,-1960245.0,-1960245.0,-1960245.0,-1960245.0,-1960245.0,-1960245.0,-1960245.0,-1960245.0,-1960245.0,-1960245.0,-1960245.0
-1960275.0,-1960275.0,-1960275.0,-1960275.0,-1960275.0,-1960275.0,-1960275.0,-1960275.0,-1960275.0,-1960275.0,-1960275.0,-1960275.0,-1960275.0,-1960275.0,-1960275.0,-1960275.0,-1960275.0,-1960275.0,-1960275.0,-1960275.0,-1960275.0,-1960275.0,-1960275.0,-1960275.0,-1960275.0,-1960275.0,-1960275.0,-1960275.0,-1960275.0,-1960275.0,-1960275.0,-1960275.0,-1960275.0,-1960275.0,-1960275.0,-1960275.0,-1960275.0,-1960275.0,-1960275.0,-1960275.0,-1960275.0,-1960275.0,-1960275.0,-1960275.0,-1960275.0,-1960275.0,-1960275.0,-1960275.0,-1960275.0,-1960275.0,-1960275.0,-1960275.0,-1960275.0,-1960275.0,-1960275.0,-1960275.0,-1960275.0,-1960275.0,-1960275.0,-1960275.0,-1960275.0,-1960275.0,-1960275.0,-1960275.0,-1960275.0,-1960275.0,-1960275.0,-1960275.0,-1960275.0,-1960275.0,-1960275.0,-1960275.0,-1960275.0,-1960275.0,-1960275.0,-1960275.0,-1960275.0,-1960275.0,-1960275.0,-1960275.0,-1960275.0,-1960275.0
-1960305.0,-1960305.0,-1960305.0,-1960305.0,-1960305.0,-1960305.0,-1960305.0,-1960305.0,-1960305.0,-1960305.0,-1960305.0,-1960305.0,-1960305.0,-1960305.0,-1960305.0,-1960305.0,-1960305.0,-1960305.0,-1960305.0,-1960305.0,-1960305.0,-1960305.0,-1960305.0,-1960305.0,-1960305.0,-1960305.0,-1960305.0,-1960305.0,-1960305.0,-1960305.0,-1960305.0,-1960305.0,-1960305.0,-1960305.0,-1960305.0,-1960305.0,-1960305.0,-1960305.0,-1960305.0,-1960305.0,-1960305.0,-1960305.0,-1960305.0,-1960305.0,-1960305.0,-1960305.0,-1960305.0,-1960305.0,-1960305.0,-1960305.0,-1960305.0,-1960305.0,-1960305.0,-1960305.0,-1960305.0,-1960305.0,-1960305.0,-1960305.0,-1960305.0,-1960305.0,-1960305.0,-1960305.0,-1960305.0,-1960305.0,-1960305.0,-1960305.0,-1960305.0,-1960305.0,-1960305.0,-1960305.0,-1960305.0,-1960305.0,-1960305.0,-1960305.0,-1960305.0,-1960305.0,-1960305.0,-1960305.0,-1960305.0,-1960305.0,-1960305.0,-1960305.0
-1960335.0,-1960335.0,-1960335.0,-1960335.0,-1960335.0,-1960335.0,-1960335.0,-1960335.0,-1960335.0,-1960335.0,-1960335.0,-1960335.0,-1960335.0,-1960335.0,-1960335.0,-1960335.0,-1960335.0,-1960335.0,-1960335.0,-1960335.0,-1960335.0,-1960335.0,-1960335.0,-1960335.0,-1960335.0,-1960335.0,-1960335.0,-1960335.0,-1960335.0,-1960335.0,-1960335.0,-1960335.0,-1960335.0,-1960335.0,-1960335.0,-1960335.0,-1960335.0,-1960335.0,-1960335.0,-1960335.0,-1960335.0,-1960335.0,-1960335.0,-1960335.0,-1960335.0,-1960335.0,-1960335.0,-1960335.0,-1960335.0,-1960335.0,-1960335.0,-1960335.0,-1960335.0,-1960335.0,-1960335.0,-1960335.0,-1960335.0,-1960335.0,-1960335.0,-1960335.0,-1960335.0,-1960335.0,-1960335.0,-1960335.0,-1960335.0,-1960335.0,-1960335.0,-1960335.0,-1960335.0,-1960335.0,-1960335.0,-1960335.0,-1960335.0,-1960335.0,-1960335.0,-1960335.0,-1960335.0,-1960335.0,-1960335.0,-1960335.0,-1960335.0,-1960335.0
-1960365.0,-1960365.0,-1960365.0,-1960365.0,-1960365.0,-1960365.0,-1960365.0,-1960365.0,-1960365.0,-1960365.0,-1960365.0,-1960365.0,-1960365.0,-1960365.0,-1960365.0,-1960365.0,-1960365.0,-1960365.0,-1960365.0,-1960365.0,-1960365.0,-1960365.0,-1960365.0,-1960365.0,-1960365.0,-1960365.0,-1960365.0,-1960365.0,-1960365.0,-1960365.0,-1960365.0,-1960365.0,-1960365.0,-1960365.0,-1960365.0,-1960365.0,-1960365.0,-1960365.0,-1960365.0,-1960365.0,-1960365.0,-1960365.0,-1960365.0,-1960365.0,-1960365.0,-1960365.0,-1960365.0,-1960365.0,-1960365.0,-1960365.0,-1960365.0,-1960365.0,-1960365.0,-1960365.0,-1960365.0,-1960365.0,-1960365.0,-1960365.0,-1960365.0,-1960365.0,-1960365.0,-1960365.0,-1960365.0,-1960365.0,-1960365.0,-1960365.0,-1960365.0,-1960365.0,-1960365.0,-1960365.0,-1960365.0,-1960365.0,-1960365.0,-1960365.0,-1960365.0,-1960365.0,-1960365.0,-1960365.0,-1960365.0,-1960365.0,-1960365.0,-1960365.0
-1960395.0,-1960395.0,-1960395.0,-1960395.0,-1960395.0,-1960395.0,-1960395.0,-1960395.0,-1960395.0,-1960395.0,-1960395.0,-1960395.0,-1960395.0,-1960395.0,-1960395.0,-1960395.0,-1960395.0,-1960395.0,-1960395.0,-1960395.0,-1960395.0,-1960395.0,-1960395.0,-1960395.0,-1960395.0,-1960395.0,-1960395.0,-1960395.0,-1960395.0,-1960395.0,-1960395.0,-1960395.0,-1960395.0,-1960395.0,-1960395.0,-1960395.0,-1960395.0,-1960395.0,-1960395.0,-1960395.0,-1960395.0,-1960395.0,-1960395.0,-1960395.0,-1960395.0,-1960395.0,-1960395.0,-1960395.0,-1960395.0,-1960395.0,-1960395.0,-1960395.0,-1960395.0,-1960395.0,-1960395.0,-1960395.0,-1960395.0,-1960395.0,-1960395.0,-1960395.0,-1960395.0,-1960395.0,-1960395.0,-1960395.0,-1960395.0,-1960395.0,-1960395.0,-1960395.0,-1960395.0,-1960395.0,-1960395.0,-1960395.0,-1960395.0,-1960395.0,-1960395.0,-1960395.0,-1960395.0,-1960395.0,-1960395.0,-1960395.0,-1960395.0,-1960395.0
-1960425.0,-1960425.0,-1960425.0,-1960425.0,-1960425.0,-1960425.0,-1960425.0,-1960425.0,-1960425.0,-1960425.0,-1960425.0,-1960425.0,-1960425.0,-1960425.0,-1960425.0,-1960425.0,-1960425.0,-1960425.0,-1960425.0,-1960425.0,-1960425.0,-1960425.0,-1960425.0,-1960425.0,-1960425.0,-1960425.0,-1960425.0,-1960425.0,-1960425.0,-1960425.0,-1960425.0,-1960425.0,-1960425.0,-1960425.0,-1960425.0,-1960425.0,-1960425.0,-1960425.0,-1960425.0,-1960425.0,-1960425.0,-1960425.0,-1960425.0,-1960425.0,-1960425.0,-1960425.0,-1960425.0,-1960425.0,-1960425.0,-1960425.0,-1960425.0,-1960425.0,-1960425.0,-1960425.0,-1960425.0,-1960425.0,-1960425.0,-1960425.0,-1960425.0,-1960425.0,-1960425.0,-1960425.0,-1960425.0,-1960425.0,-1960425.0,-1960425.0,-1960425.0,-1960425.0,-1960425.0,-1960425.0,-1960425.0,-1960425.0,-1960425.0,-1960425.0,-1960425.0,-1960425.0,-1960425.0,-1960425.0,-1960425.0,-1960425.0,-1960425.0,-1960425.0
-1960455.0,-1960455.0,-1960455.0,-1960455.0,-1960455.0,-1960455.0,-1960455.0,-1960455.0,-1960455.0,-1960455.0,-1960455.0,-1960455.0,-1960455.0,-1960455.0,-1960455.0,-1960455.0,-1960455.0,-1960455.0,-1960455.0,-1960455.0,-1960455.0,-1960455.0,-1960455.0,-1960455.0,-1960455.0,-1960455.0,-1960455.0,-1960455.0,-1960455.0,-1960455.0,-1960455.0,-1960455.0,-1960455.0,-1960455.0,-1960455.0,-1960455.0,-1960455.0,-1960455.0,-1960455.0,-1960455.0,-1960455.0,-1960455.0,-1960455.0,-1960455.0,-1960455.0,-1960455.0,-1960455.0,-1960455.0,-1960455.0,-1960455.0,-1960455.0,-1960455.0,-1960455.0,-1960455.0,-1960455.0,-1960455.0,-1960455.0,-1960455.0,-1960455.0,-1960455.0,-1960455.0,-1960455.0,-1960455.0,-1960455.0,-1960455.0,-1960455.0,-1960455.0,-1960455.0,-1960455.0,-1960455.0,-1960455.0,-1960455.0,-1960455.0,-1960455.0,-1960455.0,-1960455.0,-1960455.0,-1960455.0,-1960455.0,-1960455.0,-1960455.0,-1960455.0
-1960485.0,-1960485.0,-1960485.0,-1960485.0,-1960485.0,-1960485.0,-1960485.0,-1960485.0,-1960485.0,-1960485.0,-1960485.0,-1960485.0,-1960485.0,-1960485.0,-1960485.0,-1960485.0,-1960485.0,-1960485.0,-1960485.0,-1960485.0,-1960485.0,-1960485.0,-1960485.0,-1960485.0,-1960485.0,-1960485.0,-1960485.0,-1960485.0,-1960485.0,-1960485.0,-1960485.0,-1960485.0,-1960485.0,-1960485.0,-1960485.0,-1960485.0,-1960485.0,-1960485.0,-1960485.0,-1960485.0,-1960485.0,-1960485.0,-1960485.0,-1960485.0,-1960485.0,-1960485.0,-1960485.0,-1960485.0,-1960485.0,-1960485.0,-1960485.0,-1960485.0,-1960485.0,-1960485.0,-1960485.0,-1960485.0,-1960485.0,-1960485.0,-1960485.0,-1960485.0,-1960485.0,-1960485.0,-1960485.0,-1960485.0,-1960485.0,-1960485.0,-1960485.0,-1960485.0,-1960485.0,-1960485.0,-1960485.0,-1960485.0,-1960485.0,-1960485.0,-1960485.0,-1960485.0,-1960485.0,-1960485.0,-1960485.0,-1960485.0,-1960485.0,-1960485.0
-1960515.0,-1960515.0,-1960515.0,-1960515.0,-1960515.0,-1960515.0,-1960515.0,-1960515.0,-1960515.0,-1960515.0,-1960515.0,-1960515.0,-1960515.0,-1960515.0,-1960515.0,-1960515.0,-1960515.0,-1960515.0,-1960515.0,-1960515.0,-1960515.0,-1960515.0,-1960515.0,-1960515.0,-1960515.0,-1960515.0,-1960515.0,-1960515.0,-1960515.0,-1960515.0,-1960515.0,-1960515.0,-1960515.0,-1960515.0,-1960515.0,-1960515.0,-1960515.0,-1960515.0,-1960515.0,-1960515.0,-1960515.0,-1960515.0,-1960515.0,-1960515.0,-1960515.0,-1960515.0,-1960515.0,-1960515.0,-1960515.0,-1960515.0,-1960515.0,-1960515.0,-1960515.0,-1960515.0,-1960515.0,-1960515.0,-1960515.0,-1960515.0,-1960515.0,-1960515.0,-1960515.0,-1960515.0,-1960515.0,-1960515.0,-1960515.0,-1960515.0,-1960515.0,-1960515.0,-1960515.0,-1960515.0,-1960515.0,-1960515.0,-1960515.0,-1960515.0,-1960515.0,-1960515.0,-1960515.0,-1960515.0,-1960515.0,-1960515.0,-1960515.0,-1960515.0
-1960545.0,-1960545.0,-1960545.0,-1960545.0,-1960545.0,-1960545.0,-1960545.0,-1960545.0,-1960545.0,-1960545.0,-1960545.0,-1960545.0,-1960545.0,-1960545.0,-1960545.0,-1960545.0,-1960545.0,-1960545.0,-1960545.0,-1960545.0,-1960545.0,-1960545.0,-1960545.0,-1960545.0,-1960545.0,-1960545.0,-1960545.0,-1960545.0,-1960545.0,-1960545.0,-1960545.0,-1960545.0,-1960545.0,-1960545.0,-1960545.0,-1960545.0,-1960545.0,-1960545.0,-1960545.0,-1960545.0,-1960545.0,-1960545.0,-1960545.0,-1960545.0,-1960545.0,-1960545.0,-1960545.0,-1960545.0,-1960545.0,-1960545.0,-1960545.0,-1960545.0,-1960545.0,-1960545.0,-1960545.0,-1960545.0,-1960545.0,-1960545.0,-1960545.0,-1960545.0,-1960545.0,-1960545.0,-1960545.0,-1960545.0,-1960545.0,-1960545.0,-1960545.0,-1960545.0,-1960545.0,-1960545.0,-1960545.0,-1960545.0,-1960545.0,-1960545.0,-1960545.0,-1960545.0,-1960545.0,-1960545.0,-1960545.0,-1960545.0,-1960545.0,-1960545.0
-1960575.0,-1960575.0,-1960575.0,-1960575.0,-1960575.0,-1960575.0,-1960575.0,-1960575.0,-1960575.0,-1960575.0,-1960575.0,-1960575.0,-1960575.0,-1960575.0,-1960575.0,-1960575.0,-1960575.0,-1960575.0,-1960575.0,-1960575.0,-1960575.0,-1960575.0,-1960575.0,-1960575.0,-1960575.0,-1960575.0,-1960575.0,-1960575.0,-1960575.0,-1960575.0,-1960575.0,-1960575.0,-1960575.0,-1960575.0,-1960575.0,-1960575.0,-1960575.0,-1960575.0,-1960575.0,-1960575.0,-1960575.0,-1960575.0,-1960575.0,-1960575.0,-1960575.0,-1960575.0,-1960575.0,-1960575.0,-1960575.0,-1960575.0,-1960575.0,-1960575.0,-1960575.0,-1960575.0,-1960575.0,-1960575.0,-1960575.0,-1960575.0,-1960575.0,-1960575.0,-1960575.0,-1960575.0,-1960575.0,-1960575.0,-1960575.0,-1960575.0,-1960575.0,-1960575.0,-1960575.0,-1960575.0,-1960575.0,-1960575.0,-1960575.0,-1960575.0,-1960575.0,-1960575.0,-1960575.0,-1960575.0,-1960575.0,-1960575.0,-1960575.0,-1960575.0
-1960605.0,-1960605.0,-1960605.0,-1960605.0,-1960605.0,-1960605.0,-1960605.0,-1960605.0,-1960605.0,-1960605.0,-1960605.0,-1960605.0,-1960605.0,-1960605.0,-1960605.0,-1960605.0,-1960605.0,-1960605.0,-1960605.0,-1960605.0,-1960605.0,-1960605.0,-1960605.0,-1960605.0,-1960605.0,-1960605.0,-1960605.0,-1960605.0,-1960605.0,-1960605.0,-1960605.0,-1960605.0,-1960605.0,-1960605.0,-1960605.0,-1960605.0,-1960605.0,-1960605.0,-1960605.0,-1960605.0,-1960605.0,-1960605.0,-1960605.0,-1960605.0,-1960605.0,-1960605.0,-1960605.0,-1960605.0,-1960605.0,-1960605.0,-1960605.0,-1960605.0,-1960605.0,-1960605.0,-1960605.0,-1960605.0,-1960605.0,-1960605.0,-1960605.0,-1960605.0,-1960605.0,-1960605.0,-1960605.0,-1960605.0,-1960605.0,-1960605.0,-1960605.0,-1960605.0,-1960605.0,-1960605.0,-1960605.0,-1960605.0,-1960605.0,-1960605.0,-1960605.0,-1960605.0,-1960605.0,-1960605.0,-1960605.0,-1960605.0,-1960605.0,-1960605.0
-1960635.0,-1960635.0,-1960635.0,-1960635.0,-1960635.0,-1960635.0,-1960635.0,-1960635.0,-1960635.0,-1960635.0,-1960635.0,-1960635.0,-1960635.0,-1960635.0,-1960635.0,-1960635.0,-1960635.0,-1960635.0,-1960635.0,-1960635.0,-1960635.0,-1960635.0,-1960635.0,-1960635.0,-1960635.0,-1960635.0,-1960635.0,-1960635.0,-1960635.0,-1960635.0,-1960635.0,-1960635.0,-1960635.0,-1960635.0,-1960635.0,-1960635.0,-1960635.0,-1960635.0,-1960635.0,-1960635.0,-1960635.0,-1960635.0,-1960635.0,-1960635.0,-1960635.0,-1960635.0,-1960635.0,-1960635.0,-1960635.0,-1960635.0,-1960635.0,-1960635.0,-1960635.0,-1960635.0,-1960635.0,-1960635.0,-1960635.0,-1960635.0,-1960635.0,-1960635.0,-1960635.0,-1960635.0,-1960635.0,-1960635.0,-1960635.0,-1960635.0,-1960635.0,-1960635.0,-1960635.0,-1960635.0,-1960635.0,-1960635.0,-1960635.0,-1960635.0,-1960635.0,-1960635.0,-1960635.0,-1960635.0,-1960635.0,-1960635.0,-1960635.0,-1960635.0
-1960665.0,-1960665.0,-1960665.0,-1960665.0,-1960665.0,-1960665.0,-1960665.0,-1960665.0,-1960665.0,-1960665.0,-1960665.0,-1960665.0,-1960665.0,-1960665.0,-1960665.0,-1960665.0,-1960665.0,-1960665.0,-1960665.0,-1960665.0,-1960665.0,-1960665.0,-1960665.0,-1960665.0,-1960665.0,-1960665.0,-1960665.0,-1960665.0,-1960665.0,-1960665.0,-1960665.0,-1960665.0,-1960665.0,-1960665.0,-1960665.0,-1960665.0,-1960665.0,-1960665.0,-1960665.0,-1960665.0,-1960665.0,-1960665.0,-1960665.0,-1960665.0,-1960665.0,-1960665.0,-1960665.0,-1960665.0,-1960665.0,-1960665.0,-1960665.0,-1960665.0,-1960665.0,-1960665.0,-1960665.0,-1960665.0,-1960665.0,-1960665.0,-1960665.0,-1960665.0,-1960665.0,-1960665.0,-1960665.0,-1960665.0,-1960665.0,-1960665.0,-1960665.0,-1960665.0,-1960665.0,-1960665.0,-1960665.0,-1960665.0,-1960665.0,-1960665.0,-1960665.0,-1960665.0,-1960665.0,-1960665.0,-1960665.0,-1960665.0,-1960665.0,-1960665.0
-1960695.0,-1960695.0,-1960695.0,-1960695.0,-1960695.0,-1960695.0,-1960695.0,-1960695.0,-1960695.0,-1960695.0,-1960695.0,-1960695.0,-1960695.0,-1960695.0,-1960695.0,-1960695.0,-1960695.0,-1960695.0,-1960695.0,-1960695.0,-1960695.0,-1960695.0,-1960695.0,-1960695.0,-1960695.0,-1960695.0,-1960695.0,-1960695.0,-1960695.0,-1960695.0,-1960695.0,-1960695.0,-1960695.0,-1960695.0,-1960695.0,-1960695.0,-1960695.0,-1960695.0,-1960695.0,-1960695.0,-1960695.0,-1960695.0,-1960695.0,-1960695.0,-1960695.0,-1960695.0,-1960695.0,-1960695.0,-1960695.0,-1960695.0,-1960695.0,-1960695.0,-1960695.0,-1960695.0,-1960695.0,-1960695.0,-1960695.0,-1960695.0,-1960695.0,-1960695.0,-1960695.0,-1960695.0,-1960695.0,-1960695.0,-1960695.0,-1960695.0,-1960695.0,-1960695.0,-1960695.0,-1960695.0,-1960695.0,-1960695.0,-1960695.0,-1960695.0,-1960695.0,-1960695.0,-1960695.0,-1960695.0,-1960695.0,-1960695.0,-1960695.0,-1960695.0
-1960725.0,-1960725.0,-1960725.0,-1960725.0,-1960725.0,-1960725.0,-1960725.0,-1960725.0,-1960725.0,-1960725.0,-1960725.0,-1960725.0,-1960725.0,-1960725.0,-1960725.0,-1960725.0,-1960725.0,-1960725.0,-1960725.0,-1960725.0,-1960725.0,-1960725.0,-1960725.0,-1960725.0,-1960725.0,-1960725.0,-1960725.0,-1960725.0,-1960725.0,-1960725.0,-1960725.0,-1960725.0,-1960725.0,-1960725.0,-1960725.0,-1960725.0,-1960725.0,-1960725.0,-1960725.0,-1960725.0,-1960725.0,-1960725.0,-1960725.0,-1960725.0,-1960725.0,-1960725.0,-1960725.0,-1960725.0,-1960725.0,-1960725.0,-1960725.0,-1960725.0,-1960725.0,-1960725.0,-1960725.0,-1960725.0,-1960725.0,-1960725.0,-1960725.0,-1960725.0,-1960725.0,-1960725.0,-1960725.0,-1960725.0,-1960725.0,-1960725.0,-1960725.0,-1960725.0,-1960725.0,-1960725.0,-1960725.0,-1960725.0,-1960725.0,-1960725.0,-1960725.0,-1960725.0,-1960725.0,-1960725.0,-1960725.0,-1960725.0,-1960725.0,-1960725.0
-1960755.0,-1960755.0,-1960755.0,-1960755.0,-1960755.0,-1960755.0,-1960755.0,-1960755.0,-1960755.0,-1960755.0,-1960755.0,-1960755.0,-1960755.0,-1960755.0,-1960755.0,-1960755.0,-1960755.0,-1960755.0,-1960755.0,-1960755.0,-1960755.0,-1960755.0,-1960755.0,-1960755.0,-1960755.0,-1960755.0,-1960755.0,-1960755.0,-1960755.0,-1960755.0,-1960755.0,-1960755.0,-1960755.0,-1960755.0,-1960755.0,-1960755.0,-1960755.0,-1960755.0,-1960755.0,-1960755.0,-1960755.0,-1960755.0,-1960755.0,-1960755.0,-1960755.0,-1960755.0,-1960755.0,-1960755.0,-1960755.0,-1960755.0,-1960755.0,-1960755.0,-1960755.0,-1960755.0,-1960755.0,-1960755.0,-1960755.0,-1960755.0,-1960755.0,-1960755.0,-1960755.0,-1960755.0,-1960755.0,-1960755.0,-1960755.0,-1960755.0,-1960755.0,-1960755.0,-1960755.0,-1960755.0,-1960755.0,-1960755.0,-1960755.0,-1960755.0,-1960755.0,-1960755.0,-1960755.0,-1960755.0,-1960755.0,-1960755.0,-1960755.0,-1960755.0
-1960785.0,-1960785.0,-1960785.0,-1960785.0,-1960785.0,-1960785.0,-1960785.0,-1960785.0,-1960785.0,-1960785.0,-1960785.0,-1960785.0,-1960785.0,-1960785.0,-1960785.0,-1960785.0,-1960785.0,-1960785.0,-1960785.0,-1960785.0,-1960785.0,-1960785.0,-1960785.0,-1960785.0,-1960785.0,-1960785.0,-1960785.0,-1960785.0,-1960785.0,-1960785.0,-1960785.0,-1960785.0,-1960785.0,-1960785.0,-1960785.0,-1960785.0,-1960785.0,-1960785.0,-1960785.0,-1960785.0,-1960785.0,-1960785.0,-1960785.0,-1960785.0,-1960785.0,-1960785.0,-1960785.0,-1960785.0,-1960785.0,-1960785.0,-1960785.0,-1960785.0,-1960785.0,-1960785.0,-1960785.0,-1960785.0,-1960785.0,-1960785.0,-1960785.0,-1960785.0,-1960785.0,-1960785.0,-1960785.0,-1960785.0,-1960785.0,-1960785.0,-1960785.0,-1960785.0,-1960785.0,-1960785.0,-1960785.0,-1960785.0,-1960785.0,-1960785.0,-1960785.0,-1960785.0,-1960785.0,-1960785.0,-1960785.0,-1960785.0,-1960785.0,-1960785.0
-1960815.0,-1960815.0,-1960815.0,-1960815.0,-1960815.0,-1960815.0,-1960815.0,-1960815.0,-1960815.0,-1960815.0,-1960815.0,-1960815.0,-1960815.0,-1960815.0,-1960815.0,-1960815.0,-1960815.0,-1960815.0,-1960815.0,-1960815.0,-1960815.0,-1960815.0,-1960815.0,-1960815.0,-1960815.0,-1960815.0,-1960815.0,-1960815.0,-1960815.0,-1960815.0,-1960815.0,-1960815.0,-1960815.0,-1960815.0,-1960815.0,-1960815.0,-1960815.0,-1960815.0,-1960815.0,-1960815.0,-1960815.0,-1960815.0,-1960815.0,-1960815.0,-1960815.0,-1960815.0,-1960815.0,-1960815.0,-1960815.0,-1960815.0,-1960815.0,-1960815.0,-1960815.0,-1960815.0,-1960815.0,-1960815.0,-1960815.0,-1960815.0,-1960815.0,-1960815.0,-1960815.0,-1960815.0,-1960815.0,-1960815.0,-1960815.0,-1960815.0,-1960815.0,-1960815.0,-1960815.0,-1960815.0,-1960815.0,-1960815.0,-1960815.0,-1960815.0,-1960815.0,-1960815.0,-1960815.0,-1960815.0,-1960815.0,-1960815.0,-1960815.0,-1960815.0
-1960845.0,-1960845.0,-1960845.0,-1960845.0,-1960845.0,-1960845.0,-1960845.0,-1960845.0,-1960845.0,-1960845.0,-1960845.0,-1960845.0,-1960845.0,-1960845.0,-1960845.0,-1960845.0,-1960845.0,-1960845.0,-1960845.0,-1960845.0,-1960845.0,-1960845.0,-1960845.0,-1960845.0,-1960845.0,-1960845.0,-1960845.0,-1960845.0,-1960845.0,-1960845.0,-1960845.0,-1960845.0,-1960845.0,-1960845.0,-1960845.0,-1960845.0,-1960845.0,-1960845.0,-1960845.0,-1960845.0,-1960845.0,-1960845.0,-1960845.0,-1960845.0,-1960845.0,-1960845.0,-1960845.0,-1960845.0,-1960845.0,-1960845.0,-1960845.0,-1960845.0,-1960845.0,-1960845.0,-1960845.0,-1960845.0,-1960845.0,-1960845.0,-1960845.0,-1960845.0,-1960845.0,-1960845.0,-1960845.0,-1960845.0,-1960845.0,-1960845.0,-1960845.0,-1960845.0,-1960845.0,-1960845.0,-1960845.0,-1960845.0,-1960845.0,-1960845.0,-1960845.0,-1960845.0,-1960845.0,-1960845.0,-1960845.0,-1960845.0,-1960845.0,-1960845.0
-1960875.0,-1960875.0,-1960875.0,-1960875.0,-1960875.0,-1960875.0,-1960875.0,-1960875.0,-1960875.0,-1960875.0,-1960875.0,-1960875.0,-1960875.0,-1960875.0,-1960875.0,-1960875.0,-1960875.0,-1960875.0,-1960875.0,-1960875.0,-1960875.0,-1960875.0,-1960875.0,-1960875.0,-1960875.0,-1960875.0,-1960875.0,-1960875.0,-1960875.0,-1960875.0,-1960875.0,-1960875.0,-1960875.0,-1960875.0,-1960875.0,-1960875.0,-1960875.0,-1960875.0,-1960875.0,-1960875.0,-1960875.0,-1960875.0,-1960875.0,-1960875.0,-1960875.0,-1960875.0,-1960875.0,-1960875.0,-1960875.0,-1960875.0,-1960875.0,-1960875.0,-1960875.0,-1960875.0,-1960875.0,-1960875.0,-1960875.0,-1960875.0,-1960875.0,-1960875.0,-1960875.0,-1960875.0,-1960875.0,-1960875.0,-1960875.0,-1960875.0,-1960875.0,-1960875.0,-1960875.0,-1960875.0,-1960875.0,-1960875.0,-1960875.0,-1960875.0,-1960875.0,-1960875.0,-1960875.0,-1960875.0,-1960875.0,-1960875.0,-1960875.0,-1960875.0
-1960905.0,-1960905.0,-1960905.0,-1960905.0,-1960905.0,-1960905.0,-1960905.0,-1960905.0,-1960905.0,-1960905.0,-1960905.0,-1960905.0,-1960905.0,-1960905.0,-1960905.0,-1960905.0,-1960905.0,-1960905.0,-1960905.0,-1960905.0,-1960905.0,-1960905.0,-1960905.0,-1960905.0,-1960905.0,-1960905.0,-1960905.0,-1960905.0,-1960905.0,-1960905.0,-1960905.0,-1960905.0,-1960905.0,-1960905.0,-1960905.0,-1960905.0,-1960905.0,-1960905.0,-1960905.0,-1960905.0,-1960905.0,-1960905.0,-1960905.0,-1960905.0,-1960905.0,-1960905.0,-1960905.0,-1960905.0,-1960905.0,-1960905.0,-1960905.0,-1960905.0,-1960905.0,-1960905.0,-1960905.0,-1960905.0,-1960905.0,-1960905.0,-1960905.0,-1960905.0,-1960905.0,-1960905.0,-1960905.0,-1960905.0,-1960905.0,-1960905.0,-1960905.0,-1960905.0,-1960905.0,-1960905.0,-1960905.0,-1960905.0,-1960905.0,-1960905.0,-1960905.0,-1960905.0,-1960905.0,-1960905.0,-1960905.0,-1960905.0,-1960905.0,-1960905.0
-1960935.0,-1960935.0,-1960935.0,-1960935.0,-1960935.0,-1960935.0,-1960935.0,-1960935.0,-1960935.0,-1960935.0,-1960935.0,-1960935.0,-1960935.0,-1960935.0,-1960935.0,-1960935.0,-1960935.0,-1960935.0,-1960935.0,-1960935.0,-1960935.0,-1960935.0,-1960935.0,-1960935.0,-1960935.0,-1960935.0,-1960935.0,-1960935.0,-1960935.0,-1960935.0,-1960935.0,-1960935.0,-1960935.0,-1960935.0,-1960935.0,-1960935.0,-1960935.0,-1960935.0,-1960935.0,-1960935.0,-1960935.0,-1960935.0,-1960935.0,-1960935.0,-1960935.0,-1960935.0,-1960935.0,-1960935.0,-1960935.0,-1960935.0,-1960935.0,-1960935.0,-1960935.0,-1960935.0,-1960935.0,-1960935.0,-1960935.0,-1960935.0,-1960935.0,-1960935.0,-1960935.0,-1960935.0,-1960935.0,-1960935.0,-1960935.0,-1960935.0,-1960935.0,-1960935.0,-1960935.0,-1960935.0,-1960935.0,-1960935.0,-1960935.0,-1960935.0,-1960935.0,-1960935.0,-1960935.0,-1960935.0,-1960935.0,-1960935.0,-1960935.0,-1960935.0
-1960965.0,-1960965.0,-1960965.0,-1960965.0,-1960965.0,-1960965.0,-1960965.0,-1960965.0,-1960965.0,-1960965.0,-1960965.0,-1960965.0,-1960965.0,-1960965.0,-1960965.0,-1960965.0,-1960965.0,-1960965.0,-1960965.0,-1960965.0,-1960965.0,-1960965.0,-1960965.0,-1960965.0,-1960965.0,-1960965.0,-1960965.0,-1960965.0,-1960965.0,-1960965.0,-1960965.0,-1960965.0,-1960965.0,-1960965.0,-1960965.0,-1960965.0,-1960965.0,-1960965.0,-1960965.0,-1960965.0,-1960965.0,-1960965.0,-1960965.0,-1960965.0,-1960965.0,-1960965.0,-1960965.0,-1960965.0,-1960965.0,-1960965.0,-1960965.0,-1960965.0,-1960965.0,-1960965.0,-1960965.0,-1960965.0,-1960965.0,-1960965.0,-1960965.0,-1960965.0,-1960965.0,-1960965.0,-1960965.0,-1960965.0,-1960965.0,-1960965.0,-1960965.0,-1960965.0,-1960965.0,-1960965.0,-1960965.0,-1960965.0,-1960965.0,-1960965.0,-1960965.0,-1960965.0,-1960965.0,-1960965.0,-1960965.0,-1960965.0,-1960965.0,-1960965.0
-1960995.0,-1960995.0,-1960995.0,-1960995.0,-1960995.0,-1960995.0,-1960995.0,-1960995.0,-1960995.0,-1960995.0,-1960995.0,-1960995.0,-1960995.0,-1960995.0,-1960995.0,-1960995.0,-1960995.0,-1960995.0,-1960995.0,-1960995.0,-1960995.0,-1960995.0,-1960995.0,-1960995.0,-1960995.0,-1960995.0,-1960995.0,-1960995.0,-1960995.0,-1960995.0,-1960995.0,-1960995.0,-1960995.0,-1960995.0,-1960995.0,-1960995.0,-1960995.0,-1960995.0,-1960995.0,-1960995.0,-1960995.0,-1960995.0,-1960995.0,-1960995.0,-1960995.0,-1960995.0,-1960995.0,-1960995.0,-1960995.0,-1960995.0,-1960995.0,-1960995.0,-1960995.0,-1960995.0,-1960995.0,-1960995.0,-1960995.0,-1960995.0,-1960995.0,-1960995.0,-1960995.0,-1960995.0,-1960995.0,-1960995.0,-1960995.0,-1960995.0,-1960995.0,-1960995.0,-1960995.0,-1960995.0,-1960995.0,-1960995.0,-1960995.0,-1960995.0,-1960995.0,-1960995.0,-1960995.0,-1960995.0,-1960995.0,-1960995.0,-1960995.0,-1960995.0
-1961025.0,-1961025.0,-1961025.0,-1961025.0,-1961025.0,-1961025.0,-1961025.0,-1961025.0,-1961025.0,-1961025.0,-1961025.0,-1961025.0,-1961025.0,-1961025.0,-1961025.0,-1961025.0,-1961025.0,-1961025.0,-1961025.0,-1961025.0,-1961025.0,-1961025.0,-1961025.0,-1961025.0,-1961025.0,-1961025.0,-1961025.0,-1961025.0,-1961025.0,-1961025.0,-1961025.0,-1961025.0,-1961025.0,-1961025.0,-1961025.0,-1961025.0,-1961025.0,-1961025.0,-1961025.0,-1961025.0,-1961025.0,-1961025.0,-1961025.0,-1961025.0,-1961025.0,-1961025.0,-1961025.0,-1961025.0,-1961025.0,-1961025.0,-1961025.0,-1961025.0,-1961025.0,-1961025.0,-1961025.0,-1961025.0,-1961025.0,-1961025.0,-1961025.0,-1961025.0,-1961025.0,-1961025.0,-1961025.0,-1961025.0,-1961025.0,-1961025.0,-1961025.0,-1961025.0,-1961025.0,-1961025.0,-1961025.0,-1961025.0,-1961025.0,-1961025.0,-1961025.0,-1961025.0,-1961025.0,-1961025.0,-1961025.0,-1961025.0,-1961025.0,-1961025.0
-1961055.0,-1961055.0,-1961055.0,-1961055.0,-1961055.0,-1961055.0,-1961055.0,-1961055.0,-1961055.0,-1961055.0,-1961055.0,-1961055.0,-1961055.0,-1961055.0,-1961055.0,-1961055.0,-1961055.0,-1961055.0,-1961055.0,-1961055.0,-1961055.0,-1961055.0,-1961055.0,-1961055.0,-1961055.0,-1961055.0,-1961055.0,-1961055.0,-1961055.0,-1961055.0,-1961055.0,-1961055.0,-1961055.0,-1961055.0,-1961055.0,-1961055.0,-1961055.0,-1961055.0,-1961055.0,-1961055.0,-1961055.0,-1961055.0,-1961055.0,-1961055.0,-1961055.0,-1961055.0,-1961055.0,-1961055.0,-1961055.0,-1961055.0,-1961055.0,-1961055.0,-1961055.0,-1961055.0,-1961055.0,-1961055.0,-1961055.0,-1961055.0,-1961055.0,-1961055.0,-1961055.0,-1961055.0,-1961055.0,-1961055.0,-1961055.0,-1961055.0,-1961055.0,-1961055.0,-1961055.0,-1961055.0,-1961055.0,-1961055.0,-1961055.0,-1961055.0,-1961055.0,-1961055.0,-1961055.0,-1961055.0,-1961055.0,-1961055.0,-1961055.0,-1961055.0
-1961085.0,-1961085.0,-1961085.0,-1961085.0,-1961085.0,-1961085.0,-1961085.0,-1961085.0,-1961085.0,-1961085.0,-1961085.0,-1961085.0,-1961085.0,-1961085.0,-1961085.0,-1961085.0,-1961085.0,-1961085.0,-1961085.0,-1961085.0,-1961085.0,-1961085.0,-1961085.0,-1961085.0,-1961085.0,-1961085.0,-1961085.0,-1961085.0,-1961085.0,-1961085.0,-1961085.0,-1961085.0,-1961085.0,-1961085.0,-1961085.0,-1961085.0,-1961085.0,-1961085.0,-1961085.0,-1961085.0,-1961085.0,-1961085.0,-1961085.0,-1961085.0,-1961085.0,-1961085.0,-1961085.0,-1961085.0,-1961085.0,-1961085.0,-1961085.0,-1961085.0,-1961085.0,-1961085.0,-1961085.0,-1961085.0,-1961085.0,-1961085.0,-1961085.0,-1961085.0,-1961085.0,-1961085.0,-1961085.0,-1961085.0,-1961085.0,-1961085.0,-1961085.0,-1961085.0,-1961085.0,-1961085.0,-1961085.0,-1961085.0,-1961085.0,-1961085.0,-1961085.0,-1961085.0,-1961085.0,-1961085.0,-1961085.0,-1961085.0,-1961085.0,-1961085.0
-1961115.0,-1961115.0,-1961115.0,-1961115.0,-1961115.0,-1961115.0,-1961115.0,-1961115.0,-1961115.0,-1961115.0,-1961115.0,-1961115.0,-1961115.0,-1961115.0,-1961115.0,-1961115.0,-1961115.0,-1961115.0,-1961115.0,-1961115.0,-1961115.0,-1961115.0,-1961115.0,-1961115.0,-1961115.0,-1961115.0,-1961115.0,-1961115.0,-1961115.0,-1961115.0,-1961115.0,-1961115.0,-1961115.0,-1961115.0,-1961115.0,-1961115.0,-1961115.0,-1961115.0,-1961115.0,-1961115.0,-1961115.0,-1961115.0,-1961115.0,-1961115.0,-1961115.0,-1961115.0,-1961115.0,-1961115.0,-1961115.0,-1961115.0,-1961115.0,-1961115.0,-1961115.0,-1961115.0,-1961115.0,-1961115.0,-1961115.0,-1961115.0,-1961115.0,-1961115.0,-1961115.0,-1961115.0,-1961115.0,-1961115.0,-1961115.0,-1961115.0,-1961115.0,-1961115.0,-1961115.0,-1961115.0,-1961115.0,-1961115.0,-1961115.0,-1961115.0,-1961115.0,-1961115.0,-1961115.0,-1961115.0,-1961115.0,-1961115.0,-1961115.0,-1961115.0
-1961145.0,-1961145.0,-1961145.0,-1961145.0,-1961145.0,-1961145.0,-1961145.0,-1961145.0,-1961145.0,-1961145.0,-1961145.0,-1961145.0,-1961145.0,-1961145.0,-1961145.0,-1961145.0,-1961145.0,-1961145.0,-1961145.0,-1961145.0,-1961145.0,-1961145.0,-1961145.0,-1961145.0,-1961145.0,-1961145.0,-1961145.0,-1961145.0,-1961145.0,-1961145.0,-1961145.0,-1961145.0,-1961145.0,-1961145.0,-1961145.0,-1961145.0,-1961145.0,-1961145.0,-1961145.0,-1961145.0,-1961145.0,-1961145.0,-1961145.0,-1961145.0,-1961145.0,-1961145.0,-1961145.0,-1961145.0,-1961145.0,-1961145.0,-1961145.0,-1961145.0,-1961145.0,-1961145.0,-1961145.0,-1961145.0,-1961145.0,-1961145.0,-1961145.0,-1961145.0,-1961145.0,-1961145.0,-1961145.0,-1961145.0,-1961145.0,-1961145.0,-1961145.0,-1961145.0,-1961145.0,-1961145.0,-1961145.0,-1961145.0,-1961145.0,-1961145.0,-1961145.0,-1961145.0,-1961145.0,-1961145.0,-1961145.0,-1961145.0,-1961145.0,-1961145.0
-1961175.0,-1961175.0,-1961175.0,-1961175.0,-1961175.0,-1961175.0,-1961175.0,-1961175.0,-1961175.0,-1961175.0,-1961175.0,-1961175.0,-1961175.0,-1961175.0,-1961175.0,-1961175.0,-1961175.0,-1961175.0,-1961175.0,-1961175.0,-1961175.0,-1961175.0,-1961175.0,-1961175.0,-1961175.0,-1961175.0,-1961175.0,-1961175.0,-1961175.0,-1961175.0,-1961175.0,-1961175.0,-1961175.0,-1961175.0,-1961175.0,-1961175.0,-1961175.0,-1961175.0,-1961175.0,-1961175.0,-1961175.0,-1961175.0,-1961175.0,-1961175.0,-1961175.0,-1961175.0,-1961175.0,-1961175.0,-1961175.0,-1961175.0,-1961175.0,-1961175.0,-1961175.0,-1961175.0,-1961175.0,-1961175.0,-1961175.0,-1961175.0,-1961175.0,-1961175.0,-1961175.0,-1961175.0,-1961175.0,-1961175.0,-1961175.0,-1961175.0,-1961175.0,-1961175.0,-1961175.0,-1961175.0,-1961175.0,-1961175.0,-1961175.0,-1961175.0,-1961175.0,-1961175.0,-1961175.0,-1961175.0,-1961175.0,-1961175.0,-1961175.0,-1961175.0
-1961205.0,-1961205.0,-1961205.0,-1961205.0,-1961205.0,-1961205.0,-1961205.0,-1961205.0,-1961205.0,-1961205.0,-1961205.0,-1961205.0,-1961205.0,-1961205.0,-1961205.0,-1961205.0,-1961205.0,-1961205.0,-1961205.0,-1961205.0,-1961205.0,-1961205.0,-1961205.0,-1961205.0,-1961205.0,-1961205.0,-1961205.0,-1961205.0,-1961205.0,-1961205.0,-1961205.0,-1961205.0,-1961205.0,-1961205.0,-1961205.0,-1961205.0,-1961205.0,-1961205.0,-1961205.0,-1961205.0,-1961205.0,-1961205.0,-1961205.0,-1961205.0,-1961205.0,-1961205.0,-1961205.0,-1961205.0,-1961205.0,-1961205.0,-1961205.0,-1961205.0,-1961205.0,-1961205.0,-1961205.0,-1961205.0,-1961205.0,-1961205.0,-1961205.0,-1961205.0,-1961205.0,-1961205.0,-1961205.0,-1961205.0,-1961205.0,-1961205.0,-1961205.0,-1961205.0,-1961205.0,-1961205.0,-1961205.0,-1961205.0,-1961205.0,-1961205.0,-1961205.0,-1961205.0,-1961205.0,-1961205.0,-1961205.0,-1961205.0,-1961205.0,-1961205.0
-1961235.0,-1961235.0,-1961235.0,-1961235.0,-1961235.0,-1961235.0,-1961235.0,-1961235.0,-1961235.0,-1961235.0,-1961235.0,-1961235.0,-1961235.0,-1961235.0,-1961235.0,-1961235.0,-1961235.0,-1961235.0,-1961235.0,-1961235.0,-1961235.0,-1961235.0,-1961235.0,-1961235.0,-1961235.0,-1961235.0,-1961235.0,-1961235.0,-1961235.0,-1961235.0,-1961235.0,-1961235.0,-1961235.0,-1961235.0,-1961235.0,-1961235.0,-1961235.0,-1961235.0,-1961235.0,-1961235.0,-1961235.0,-1961235.0,-1961235.0,-1961235.0,-1961235.0,-1961235.0,-1961235.0,-1961235.0,-1961235.0,-1961235.0,-1961235.0,-1961235.0,-1961235.0,-1961235.0,-1961235.0,-1961235.0,-1961235.0,-1961235.0,-1961235.0,-1961235.0,-1961235.0,-1961235.0,-1961235.0,-1961235.0,-1961235.0,-1961235.0,-1961235.0,-1961235.0,-1961235.0,-1961235.0,-1961235.0,-1961235.0,-1961235.0,-1961235.0,-1961235.0,-1961235.0,-1961235.0,-1961235.0,-1961235.0,-1961235.0,-1961235.0,-1961235.0
-1961265.0,-1961265.0,-1961265.0,-1961265.0,-1961265.0,-1961265.0,-1961265.0,-1961265.0,-1961265.0,-1961265.0,-1961265.0,-1961265.0,-1961265.0,-1961265.0,-1961265.0,-1961265.0,-1961265.0,-1961265.0,-1961265.0,-1961265.0,-1961265.0,-1961265.0,-1961265.0,-1961265.0,-1961265.0,-1961265.0,-1961265.0,-1961265.0,-1961265.0,-1961265.0,-1961265.0,-1961265.0,-1961265.0,-1961265.0,-1961265.0,-1961265.0,-1961265.0,-1961265.0,-1961265.0,-1961265.0,-1961265.0,-1961265.0,-1961265.0,-1961265.0,-1961265.0,-1961265.0,-1961265.0,-1961265.0,-1961265.0,-1961265.0,-1961265.0,-1961265.0,-1961265.0,-1961265.0,-1961265.0,-1961265.0,-1961265.0,-1961265.0,-1961265.0,-1961265.0,-1961265.0,-1961265.0,-1961265.0,-1961265.0,-1961265.0,-1961265.0,-1961265.0,-1961265.0,-1961265.0,-1961265.0,-1961265.0,-1961265.0,-1961265.0,-1961265.0,-1961265.0,-1961265.0,-1961265.0,-1961265.0,-1961265.0,-1961265.0,-1961265.0,-1961265.0
-1961295.0,-1961295.0,-1961295.0,-1961295.0,-1961295.0,-1961295.0,-1961295.0,-1961295.0,-1961295.0,-1961295.0,-1961295.0,-1961295.0,-1961295.0,-1961295.0,-1961295.0,-1961295.0,-1961295.0,-1961295.0,-1961295.0,-1961295.0,-1961295.0,-1961295.0,-1961295.0,-1961295.0,-1961295.0,-1961295.0,-1961295.0,-1961295.0,-1961295.0,-1961295.0,-1961295.0,-1961295.0,-1961295.0,-1961295.0,-1961295.0,-1961295.0,-1961295.0,-1961295.0,-1961295.0,-1961295.0,-1961295.0,-1961295.0,-1961295.0,-1961295.0,-1961295.0,-1961295.0,-1961295.0,-1961295.0,-1961295.0,-1961295.0,-1961295.0,-1961295.0,-1961295.0,-1961295.0,-1961295.0,-1961295.0,-1961295.0,-1961295.0,-1961295.0,-1961295.0,-1961295.0,-1961295.0,-1961295.0,-1961295.0,-1961295.0,-1961295.0,-1961295.0,-1961295.0,-1961295.0,-1961295.0,-1961295.0,-1961295.0,-1961295.0,-1961295.0,-1961295.0,-1961295.0,-1961295.0,-1961295.0,-1961295.0,-1961295.0,-1961295.0,-1961295.0
-1961325.0,-1961325.0,-1961325.0,-1961325.0,-1961325.0,-1961325.0,-1961325.0,-1961325.0,-1961325.0,-1961325.0,-1961325.0,-1961325.0,-1961325.0,-1961325.0,-1961325.0,-1961325.0,-1961325.0,-1961325.0,-1961325.0,-1961325.0,-1961325.0,-1961325.0,-1961325.0,-1961325.0,-1961325.0,-1961325.0,-1961325.0,-1961325.0,-1961325.0,-1961325.0,-1961325.0,-1961325.0,-1961325.0,-1961325.0,-1961325.0,-1961325.0,-1961325.0,-1961325.0,-1961325.0,-1961325.0,-1961325.0,-1961325.0,-1961325.0,-1961325.0,-1961325.0,-1961325.0,-1961325.0,-1961325.0,-1961325.0,-1961325.0,-1961325.0,-1961325.0,-1961325.0,-1961325.0,-1961325.0,-1961325.0,-1961325.0,-1961325.0,-1961325.0,-1961325.0,-1961325.0,-1961325.0,-1961325.0,-1961325.0,-1961325.0,-1961325.0,-1961325.0,-1961325.0,-1961325.0,-1961325.0,-1961325.0,-1961325.0,-1961325.0,-1961325.0,-1961325.0,-1961325.0,-1961325.0,-1961325.0,-1961325.0,-1961325.0,-1961325.0,-1961325.0
-1961355.0,-1961355.0,-1961355.0,-1961355.0,-1961355.0,-1961355.0,-1961355.0,-1961355.0,-1961355.0,-1961355.0,-1961355.0,-1961355.0,-1961355.0,-1961355.0,-1961355.0,-1961355.0,-1961355.0,-1961355.0,-1961355.0,-1961355.0,-1961355.0,-1961355.0,-1961355.0,-1961355.0,-1961355.0,-1961355.0,-1961355.0,-1961355.0,-1961355.0,-1961355.0,-1961355.0,-1961355.0,-1961355.0,-1961355.0,-1961355.0,-1961355.0,-1961355.0,-1961355.0,-1961355.0,-1961355.0,-1961355.0,-1961355.0,-1961355.0,-1961355.0,-1961355.0,-1961355.0,-1961355.0,-1961355.0,-1961355.0,-1961355.0,-1961355.0,-1961355.0,-1961355.0,-1961355.0,-1961355.0,-1961355.0,-1961355.0,-1961355.0,-1961355.0,-1961355.0,-1961355.0,-1961355.0,-1961355.0,-1961355.0,-1961355.0,-1961355.0,-1961355.0,-1961355.0,-1961355.0,-1961355.0,-1961355.0,-1961355.0,-1961355.0,-1961355.0,-1961355.0,-1961355.0,-1961355.0,-1961355.0,-1961355.0,-1961355.0,-1961355.0,-1961355.0
-1961385.0,-1961385.0,-1961385.0,-1961385.0,-1961385.0,-1961385.0,-1961385.0,-1961385.0,-1961385.0,-1961385.0,-1961385.0,-1961385.0,-1961385.0,-1961385.0,-1961385.0,-1961385.0,-1961385.0,-1961385.0,-1961385.0,-1961385.0,-1961385.0,-1961385.0,-1961385.0,-1961385.0,-1961385.0,-1961385.0,-1961385.0,-1961385.0,-1961385.0,-1961385.0,-1961385.0,-1961385.0,-1961385.0,-1961385.0,-1961385.0,-1961385.0,-1961385.0,-1961385.0,-1961385.0,-1961385.0,-1961385.0,-1961385.0,-1961385.0,-1961385.0,-1961385.0,-1961385.0,-1961385.0,-1961385.0,-1961385.0,-1961385.0,-1961385.0,-1961385.0,-1961385.0,-1961385.0,-1961385.0,-1961385.0,-1961385.0,-1961385.0,-1961385.0,-1961385.0,-1961385.0,-1961385.0,-1961385.0,-1961385.0,-1961385.0,-1961385.0,-1961385.0,-1961385.0,-1961385.0,-1961385.0,-1961385.0,-1961385.0,-1961385.0,-1961385.0,-1961385.0,-1961385.0,-1961385.0,-1961385.0,-1961385.0,-1961385.0,-1961385.0,-1961385.0
-1961415.0,-1961415.0,-1961415.0,-1961415.0,-1961415.0,-1961415.0,-1961415.0,-1961415.0,-1961415.0,-1961415.0,-1961415.0,-1961415.0,-1961415.0,-1961415.0,-1961415.0,-1961415.0,-1961415.0,-1961415.0,-1961415.0,-1961415.0,-1961415.0,-1961415.0,-1961415.0,-1961415.0,-1961415.0,-1961415.0,-1961415.0,-1961415.0,-1961415.0,-1961415.0,-1961415.0,-1961415.0,-1961415.0,-1961415.0,-1961415.0,-1961415.0,-1961415.0,-1961415.0,-1961415.0,-1961415.0,-1961415.0,-1961415.0,-1961415.0,-1961415.0,-1961415.0,-1961415.0,-1961415.0,-1961415.0,-1961415.0,-1961415.0,-1961415.0,-1961415.0,-1961415.0,-1961415.0,-1961415.0,-1961415.0,-1961415.0,-1961415.0,-1961415.0,-1961415.0,-1961415.0,-1961415.0,-1961415.0,-1961415.0,-1961415.0,-1961415.0,-1961415.0,-1961415.0,-1961415.0,-1961415.0,-1961415.0,-1961415.0,-1961415.0,-1961415.0,-1961415.0,-1961415.0,-1961415.0,-1961415.0,-1961415.0,-1961415.0,-1961415.0,-1961415.0
-1961445.0,-1961445.0,-1961445.0,-1961445.0,-1961445.0,-1961445.0,-1961445.0,-1961445.0,-1961445.0,-1961445.0,-1961445.0,-1961445.0,-1961445.0,-1961445.0,-1961445.0,-1961445.0,-1961445.0,-1961445.0,-1961445.0,-1961445.0,-1961445.0,-1961445.0,-1961445.0,-1961445.0,-1961445.0,-1961445.0,-1961445.0,-1961445.0,-1961445.0,-1961445.0,-1961445.0,-1961445.0,-1961445.0,-1961445.0,-1961445.0,-1961445.0,-1961445.0,-1961445.0,-1961445.0,-1961445.0,-1961445.0,-1961445.0,-1961445.0,-1961445.0,-1961445.0,-1961445.0,-1961445.0,-1961445.0,-1961445.0,-1961445.0,-1961445.0,-1961445.0,-1961445.0,-1961445.0,-1961445.0,-1961445.0,-1961445.0,-1961445.0,-1961445.0,-1961445.0,-1961445.0,-1961445.0,-1961445.0,-1961445.0,-1961445.0,-1961445.0,-1961445.0,-1961445.0,-1961445.0,-1961445.0,-1961445.0,-1961445.0,-1961445.0,-1961445.0,-1961445.0,-1961445.0,-1961445.0,-1961445.0,-1961445.0,-1961445.0,-1961445.0,-1961445.0
-1961475.0,-1961475.0,-1961475.0,-1961475.0,-1961475.0,-1961475.0,-1961475.0,-1961475.0,-1961475.0,-1961475.0,-1961475.0,-1961475.0,-1961475.0,-1961475.0,-1961475.0,-1961475.0,-1961475.0,-1961475.0,-1961475.0,-1961475.0,-1961475.0,-1961475.0,-1961475.0,-1961475.0,-1961475.0,-1961475.0,-1961475.0,-1961475.0,-1961475.0,-1961475.0,-1961475.0,-1961475.0,-1961475.0,-1961475.0,-1961475.0,-1961475.0,-1961475.0,-1961475.0,-1961475.0,-1961475.0,-1961475.0,-1961475.0,-1961475.0,-1961475.0,-1961475.0,-1961475.0,-1961475.0,-1961475.0,-1961475.0,-1961475.0,-1961475.0,-1961475.0,-1961475.0,-1961475.0,-1961475.0,-1961475.0,-1961475.0,-1961475.0,-1961475.0,-1961475.0,-1961475.0,-1961475.0,-1961475.0,-1961475.0,-1961475.0,-1961475.0,-1961475.0,-1961475.0,-1961475.0,-1961475.0,-1961475.0,-1961475.0,-1961475.0,-1961475.0,-1961475.0,-1961475.0,-1961475.0,-1961475.0,-1961475.0,-1961475.0,-1961475.0,-1961475.0
-1961505.0,-1961505.0,-1961505.0,-1961505.0,-1961505.0,-1961505.0,-1961505.0,-1961505.0,-1961505.0,-1961505.0,-1961505.0,-1961505.0,-1961505.0,-1961505.0,-1961505.0,-1961505.0,-1961505.0,-1961505.0,-1961505.0,-1961505.0,-1961505.0,-1961505.0,-1961505.0,-1961505.0,-1961505.0,-1961505.0,-1961505.0,-1961505.0,-1961505.0,-1961505.0,-1961505.0,-1961505.0,-1961505.0,-1961505.0,-1961505.0,-1961505.0,-1961505.0,-1961505.0,-1961505.0,-1961505.0,-1961505.0,-1961505.0,-1961505.0,-1961505.0,-1961505.0,-1961505.0,-1961505.0,-1961505.0,-1961505.0,-1961505.0,-1961505.0,-1961505.0,-1961505.0,-1961505.0,-1961505.0,-1961505.0,-1961505.0,-1961505.0,-1961505.0,-1961505.0,-1961505.0,-1961505.0,-1961505.0,-1961505.0,-1961505.0,-1961505.0,-1961505.0,-1961505.0,-1961505.0,-1961505.0,-1961505.0,-1961505.0,-1961505.0,-1961505.0,-1961505.0,-1961505.0,-1961505.0,-1961505.0,-1961505.0,-1961505.0,-1961505.0,-1961505.0
-1961535.0,-1961535.0,-1961535.0,-1961535.0,-1961535.0,-1961535.0,-1961535.0,-1961535.0,-1961535.0,-1961535.0,-1961535.0,-1961535.0,-1961535.0,-1961535.0,-1961535.0,-1961535.0,-1961535.0,-1961535.0,-1961535.0,-1961535.0,-1961535.0,-1961535.0,-1961535.0,-1961535.0,-1961535.0,-1961535.0,-1961535.0,-1961535.0,-1961535.0,-1961535.0,-1961535.0,-1961535.0,-1961535.0,-1961535.0,-1961535.0,-1961535.0,-1961535.0,-1961535.0,-1961535.0,-1961535.0,-1961535.0,-1961535.0,-1961535.0,-1961535.0,-1961535.0,-1961535.0,-1961535.0,-1961535.0,-1961535.0,-1961535.0,-1961535.0,-1961535.0,-1961535.0,-1961535.0,-1961535.0,-1961535.0,-1961535.0,-1961535.0,-1961535.0,-1961535.0,-1961535.0,-1961535.0,-1961535.0,-1961535.0,-1961535.0,-1961535.0,-1961535.0,-1961535.0,-1961535.0,-1961535.0,-1961535.0,-1961535.0,-1961535.0,-1961535.0,-1961535.0,-1961535.0,-1961535.0,-1961535.0,-1961535.0,-1961535.0,-1961535.0,-1961535.0
-1961565.0,-1961565.0,-1961565.0,-1961565.0,-1961565.0,-1961565.0,-1961565.0,-1961565.0,-1961565.0,-1961565.0,-1961565.0,-1961565.0,-1961565.0,-1961565.0,-1961565.0,-1961565.0,-1961565.0,-1961565.0,-1961565.0,-1961565.0,-1961565.0,-1961565.0,-1961565.0,-1961565.0,-1961565.0,-1961565.0,-1961565.0,-1961565.0,-1961565.0,-1961565.0,-1961565.0,-1961565.0,-1961565.0,-1961565.0,-1961565.0,-1961565.0,-1961565.0,-1961565.0,-1961565.0,-1961565.0,-1961565.0,-1961565.0,-1961565.0,-1961565.0,-1961565.0,-1961565.0,-1961565.0,-1961565.0,-1961565.0,-1961565.0,-1961565.0,-1961565.0,-1961565.0,-1961565.0,-1961565.0,-1961565.0,-1961565.0,-1961565.0,-1961565.0,-1961565.0,-1961565.0,-1961565.0,-1961565.0,-1961565.0,-1961565.0,-1961565.0,-1961565.0,-1961565.0,-1961565.0,-1961565.0,-1961565.0,-1961565.0,-1961565.0,-1961565.0,-1961565.0,-1961565.0,-1961565.0,-1961565.0,-1961565.0,-1961565.0,-1961565.0,-1961565.0
-1961595.0,-1961595.0,-1961595.0,-1961595.0,-1961595.0,-1961595.0,-1961595.0,-1961595.0,-1961595.0,-1961595.0,-1961595.0,-1961595.0,-1961595.0,-1961595.0,-1961595.0,-1961595.0,-1961595.0,-1961595.0,-1961595.0,-1961595.0,-1961595.0,-1961595.0,-1961595.0,-1961595.0,-1961595.0,-1961595.0,-1961595.0,-1961595.0,-1961595.0,-1961595.0,-1961595.0,-1961595.0,-1961595.0,-1961595.0,-1961595.0,-1961595.0,-1961595.0,-1961595.0,-1961595.0,-1961595.0,-1961595.0,-1961595.0,-1961595.0,-1961595.0,-1961595.0,-1961595.0,-1961595.0,-1961595.0,-1961595.0,-1961595.0,-1961595.0,-1961595.0,-1961595.0,-1961595.0,-1961595.0,-1961595.0,-1961595.0,-1961595.0,-1961595.0,-1961595.0,-1961595.0,-1961595.0,-1961595.0,-1961595.0,-1961595.0,-1961595.0,-1961595.0,-1961595.0,-1961595.0,-1961595.0,-1961595.0,-1961595.0,-1961595.0,-1961595.0,-1961595.0,-1961595.0,-1961595.0,-1961595.0,-1961595.0,-1961595.0,-1961595.0,-1961595.0
-1961625.0,-1961625.0,-1961625.0,-1961625.0,-1961625.0,-1961625.0,-1961625.0,-1961625.0,-1961625.0,-1961625.0,-1961625.0,-1961625.0,-1961625.0,-1961625.0,-1961625.0,-1961625.0,-1961625.0,-1961625.0,-1961625.0,-1961625.0,-1961625.0,-1961625.0,-1961625.0,-1961625.0,-1961625.0,-1961625.0,-1961625.0,-1961625.0,-1961625.0,-1961625.0,-1961625.0,-1961625.0,-1961625.0,-1961625.0,-1961625.0,-1961625.0,-1961625.0,-1961625.0,-1961625.0,-1961625.0,-1961625.0,-1961625.0,-1961625.0,-1961625.0,-1961625.0,-1961625.0,-1961625.0,-1961625.0,-1961625.0,-1961625.0,-1961625.0,-1961625.0,-1961625.0,-1961625.0,-1961625.0,-1961625.0,-1961625.0,-1961625.0,-1961625.0,-1961625.0,-1961625.0,-1961625.0,-1961625.0,-1961625.0,-1961625.0,-1961625.0,-1961625.0,-1961625.0,-1961625.0,-1961625.0,-1961625.0,-1961625.0,-1961625.0,-1961625.0,-1961625.0,-1961625.0,-1961625.0,-1961625.0,-1961625.0,-1961625.0,-1961625.0,-1961625.0
-1961655.0,-1961655.0,-1961655.0,-1961655.0,-1961655.0,-1961655.0,-1961655.0,-1961655.0,-1961655.0,-1961655.0,-1961655.0,-1961655.0,-1961655.0,-1961655.0,-1961655.0,-1961655.0,-1961655.0,-1961655.0,-1961655.0,-1961655.0,-1961655.0,-1961655.0,-1961655.0,-1961655.0,-1961655.0,-1961655.0,-1961655.0,-1961655.0,-1961655.0,-1961655.0,-1961655.0,-1961655.0,-1961655.0,-1961655.0,-1961655.0,-1961655.0,-1961655.0,-1961655.0,-1961655.0,-1961655.0,-1961655.0,-1961655.0,-1961655.0,-1961655.0,-1961655.0,-1961655.0,-1961655.0,-1961655.0,-1961655.0,-1961655.0,-1961655.0,-1961655.0,-1961655.0,-1961655.0,-1961655.0,-1961655.0,-1961655.0,-1961655.0,-1961655.0,-1961655.0,-1961655.0,-1961655.0,-1961655.0,-1961655.0,-1961655.0,-1961655.0,-1961655.0,-1961655.0,-1961655.0,-1961655.0,-1961655.0,-1961655.0,-1961655.0,-1961655.0,-1961655.0,-1961655.0,-1961655.0,-1961655.0,-1961655.0,-1961655.0,-1961655.0,-1961655.0
-1961685.0,-1961685.0,-1961685.0,-1961685.0,-1961685.0,-1961685.0,-1961685.0,-1961685.0,-1961685.0,-1961685.0,-1961685.0,-1961685.0,-1961685.0,-1961685.0,-1961685.0,-1961685.0,-1961685.0,-1961685.0,-1961685.0,-1961685.0,-1961685.0,-1961685.0,-1961685.0,-1961685.0,-1961685.0,-1961685.0,-1961685.0,-1961685.0,-1961685.0,-1961685.0,-1961685.0,-1961685.0,-1961685.0,-1961685.0,-1961685.0,-1961685.0,-1961685.0,-1961685.0,-1961685.0,-1961685.0,-1961685.0,-1961685.0,-1961685.0,-1961685.0,-1961685.0,-1961685.0,-1961685.0,-1961685.0,-1961685.0,-1961685.0,-1961685.0,-1961685.0,-1961685.0,-1961685.0,-1961685.0,-1961685.0,-1961685.0,-1961685.0,-1961685.0,-1961685.0,-1961685.0,-1961685.0,-1961685.0,-1961685.0,-1961685.0,-1961685.0,-1961685.0,-1961685.0,-1961685.0,-1961685.0,-1961685.0,-1961685.0,-1961685.0,-1961685.0,-1961685.0,-1961685.0,-1961685.0,-1961685.0,-1961685.0,-1961685.0,-1961685.0,-1961685.0
-1961715.0,-1961715.0,-1961715.0,-1961715.0,-1961715.0,-1961715.0,-1961715.0,-1961715.0,-1961715.0,-1961715.0,-1961715.0,-1961715.0,-1961715.0,-1961715.0,-1961715.0,-1961715.0,-1961715.0,-1961715.0,-1961715.0,-1961715.0,-1961715.0,-1961715.0,-1961715.0,-1961715.0,-1961715.0,-1961715.0,-1961715.0,-1961715.0,-1961715.0,-1961715.0,-1961715.0,-1961715.0,-1961715.0,-1961715.0,-1961715.0,-1961715.0,-1961715.0,-1961715.0,-1961715.0,-1961715.0,-1961715.0,-1961715.0,-1961715.0,-1961715.0,-1961715.0,-1961715.0,-1961715.0,-1961715.0,-1961715.0,-1961715.0,-1961715.0,-1961715.0,-1961715.0,-1961715.0,-1961715.0,-1961715.0,-1961715.0,-1961715.0,-1961715.0,-1961715.0,-1961715.0,-1961715.0,-1961715.0,-1961715.0,-1961715.0,-1961715.0,-1961715.0,-1961715.0,-1961715.0,-1961715.0,-1961715.0,-1961715.0,-1961715.0,-1961715.0,-1961715.0,-1961715.0,-1961715.0,-1961715.0,-1961715.0,-1961715.0,-1961715.0,-1961715.0
