1565880.0,1565880.0,1565880.0,1565880.0,1565880.0,1565880.0,1565880.0,1565880.0,1565880.0,1565880.0,1565880.0,1565880.0,1565880.0,1565880.0,1565880.0,1565880.0,1565880.0,1565880.0,1565880.0,1565880.0,1565880.0,1565880.0,1565880.0,1565880.0,1565880.0,1565880.0,1565880.0,1565880.0,1565880.0,1565880.0,1565880.0,1565880.0,1565880.0,1565880.0,1565880.0,1565880.0,1565880.0,1565880.0,1565880.0,1565880.0,1565880.0,1565880.0,1565880.0,1565880.0,1565880.0,1565880.0,1565880.0,1565880.0,1565880.0,1565880.0,1565880.0
1565850.0,1565850.0,1565850.0,1565850.0,1565850.0,1565850.0,1565850.0,1565850.0,1565850.0,1565850.0,1565850.0,1565850.0,1565850.0,1565850.0,1565850.0,1565850.0,1565850.0,1565850.0,1565850.0,1565850.0,1565850.0,1565850.0,1565850.0,1565850.0,1565850.0,1565850.0,1565850.0,1565850.0,1565850.0,1565850.0,1565850.0,1565850.0,1565850.0,1565850.0,1565850.0,1565850.0,1565850.0,1565850.0,1565850.0,1565850.0,1565850.0,1565850.0,1565850.0,1565850.0,1565850.0,1565850.0,1565850.0,1565850.0,1565850.0,1565850.0,1565850.0
1565820.0,1565820.0,1565820.0,1565820.0,1565820.0,1565820.0,1565820.0,1565820.0,1565820.0,1565820.0,1565820.0,1565820.0,1565820.0,1565820.0,1565820.0,1565820.0,1565820.0,1565820.0,1565820.0,1565820.0,1565820.0,1565820.0,1565820.0,1565820.0,1565820.0,1565820.0,1565820.0,1565820.0,1565820.0,1565820.0,1565820.0,1565820.0,1565820.0,1565820.0,1565820.0,1565820.0,1565820.0,1565820.0,1565820.0,1565820.0,1565820.0,1565820.0,1565820.0,1565820.0,1565820.0,1565820.0,1565820.0,1565820.0,1565820.0,1565820.0,1565820.0
1565790.0,1565790.0,1565790.0,1565790.0,1565790.0,1565790.0,1565790.0,1565790.0,1565790.0,1565790.0,1565790.0,1565790.0,1565790.0,1565790.0,1565790.0,1565790.0,1565790.0,1565790.0,1565790.0,1565790.0,1565790.0,1565790.0,1565790.0,1565790.0,1565790.0,1565790.0,1565790.0,1565790.0,1565790.0,1565790.0,1565790.0,1565790.0,1565790.0,1565790.0,1565790.0,1565790.0,1565790.0,1565790.0,1565790.0,1565790.0,1565790.0,1565790.0,1565790.0,1565790.0,1565790.0,1565790.0,1565790.0,1565790.0,1565790.0,1565790.0,1565790.0
1565760.0,1565760.0,1565760.0,1565760.0,1565760.0,1565760.0,1565760.0,1565760.0,1565760.0,1565760.0,1565760.0,1565760.0,1565760.0,1565760.0,1565760.0,1565760.0,1565760.0,1565760.0,1565760.0,1565760.0,1565760.0,1565760.0,1565760.0,1565760.0,1565760.0,1565760.0,1565760.0,1565760.0,1565760.0,1565760.0,1565760.0,1565760.0,1565760.0,1565760.0,1565760.0,1565760.0,1565760.0,1565760.0,1565760.0,1565760.0,1565760.0,1565760.0,1565760.0,1565760.0,1565760.0,1565760.0,1565760.0,1565760.0,1565760.0,1565760.0,1565760.0
1565730.0,1565730.0,1565730.0,1565730.0,1565730.0,1565730.0,1565730.0,1565730.0,1565730.0,1565730.0,1565730.0,1565730.0,1565730.0,1565730.0,1565730.0,1565730.0,1565730.0,1565730.0,1565730.0,1565730.0,1565730.0,1565730.0,1565730.0,1565730.0,1565730.0,1565730.0,1565730.0,1565730.0,1565730.0,1565730.0,1565730.0,1565730.0,1565730.0,1565730.0,1565730.0,1565730.0,1565730.0,1565730.0,1565730.0,1565730.0,1565730.0,1565730.0,1565730.0,1565730.0,1565730.0,1565730.0,1565730.0,1565730.0,1565730.0,1565730.0,1565730.0
1565700.0,1565700.0,1565700.0,1565700.0,1565700.0,1565700.0,1565700.0,1565700.0,1565700.0,1565700.0,1565700.0,1565700.0,1565700.0,1565700.0,1565700.0,1565700.0,1565700.0,1565700.0,1565700.0,1565700.0,1565700.0,1565700.0,1565700.0,1565700.0,1565700.0,1565700.0,1565700.0,1565700.0,1565700.0,1565700.0,1565700.0,1565700.0,1565700.0,1565700.0,1565700.0,1565700.0,1565700.0,1565700.0,1565700.0,1565700.0,1565700.0,1565700.0,1565700.0,1565700.0,1565700.0,1565700.0,1565700.0,1565700.0,1565700.0,1565700.0,1565700.0
1565670.0,1565670.0,1565670.0,1565670.0,1565670.0,1565670.0,1565670.0,1565670.0,1565670.0,1565670.0,1565670.0,1565670.0,1565670.0,1565670.0,1565670.0,1565670.0,1565670.0,1565670.0,1565670.0,1565670.0,1565670.0,1565670.0,1565670.0,1565670.0,1565670.0,1565670.0,1565670.0,1565670.0,1565670.0,1565670.0,1565670.0,1565670.0,1565670.0,1565670.0,1565670.0,1565670.0,1565670.0,1565670.0,1565670.0,1565670.0,1565670.0,1565670.0,1565670.0,1565670.0,1565670.0,1565670.0,1565670.0,1565670.0,1565670.0,1565670.0,1565670.0
1565640.0,1565640.0,1565640.0,1565640.0,1565640.0,1565640.0,1565640.0,1565640.0,1565640.0,1565640.0,1565640.0,1565640.0,1565640.0,1565640.0,1565640.0,1565640.0,1565640.0,1565640.0,1565640.0,1565640.0,1565640.0,1565640.0,1565640.0,1565640.0,1565640.0,1565640.0,1565640.0,1565640.0,1565640.0,1565640.0,1565640.0,1565640.0,1565640.0,1565640.0,1565640.0,1565640.0,1565640.0,1565640.0,1565640.0,1565640.0,1565640.0,1565640.0,1565640.0,1565640.0,1565640.0,1565640.0,1565640.0,1565640.0,1565640.0,1565640.0,1565640.0
1565610.0,1565610.0,1565610.0,1565610.0,1565610.0,1565610.0,1565610.0,1565610.0,1565610.0,1565610.0,1565610.0,1565610.0,1565610.0,1565610.0,1565610.0,1565610.0,1565610.0,1565610.0,1565610.0,1565610.0,1565610.0,1565610.0,1565610.0,1565610.0,1565610.0,1565610.0,1565610.0,1565610.0,1565610.0,1565610.0,1565610.0,1565610.0,1565610.0,1565610.0,1565610.0,1565610.0,1565610.0,1565610.0,1565610.0,1565610.0,1565610.0,1565610.0,1565610.0,1565610.0,1565610.0,1565610.0,1565610.0,1565610.0,1565610.0,1565610.0,1565610.0
1565580.0,1565580.0,1565580.0,1565580.0,1565580.0,1565580.0,1565580.0,1565580.0,1565580.0,1565580.0,1565580.0,1565580.0,1565580.0,1565580.0,1565580.0,1565580.0,1565580.0,1565580.0,1565580.0,1565580.0,1565580.0,1565580.0,1565580.0,1565580.0,1565580.0,1565580.0,1565580.0,1565580.0,1565580.0,1565580.0,1565580.0,1565580.0,1565580.0,1565580.0,1565580.0,1565580.0,1565580.0,1565580.0,1565580.0,1565580.0,1565580.0,1565580.0,1565580.0,1565580.0,1565580.0,1565580.0,1565580.0,1565580.0,1565580.0,1565580.0,1565580.0
1565550.0,1565550.0,1565550.0,1565550.0,1565550.0,1565550.0,1565550.0,1565550.0,1565550.0,1565550.0,1565550.0,1565550.0,1565550.0,1565550.0,1565550.0,1565550.0,1565550.0,1565550.0,1565550.0,1565550.0,1565550.0,1565550.0,1565550.0,1565550.0,1565550.0,1565550.0,1565550.0,1565550.0,1565550.0,1565550.0,1565550.0,1565550.0,1565550.0,1565550.0,1565550.0,1565550.0,1565550.0,1565550.0,1565550.0,1565550.0,1565550.0,1565550.0,1565550.0,1565550.0,1565550.0,1565550.0,1565550.0,1565550.0,1565550.0,1565550.0,1565550.0
1565520.0,1565520.0,1565520.0,1565520.0,1565520.0,1565520.0,1565520.0,1565520.0,1565520.0,1565520.0,1565520.0,1565520.0,1565520.0,1565520.0,1565520.0,1565520.0,1565520.0,1565520.0,1565520.0,1565520.0,1565520.0,1565520.0,1565520.0,1565520.0,1565520.0,1565520.0,1565520.0,1565520.0,1565520.0,1565520.0,1565520.0,1565520.0,1565520.0,1565520.0,1565520.0,1565520.0,1565520.0,1565520.0,1565520.0,1565520.0,1565520.0,1565520.0,1565520.0,1565520.0,1565520.0,1565520.0,1565520.0,1565520.0,1565520.0,1565520.0,1565520.0
1565490.0,1565490.0,1565490.0,1565490.0,1565490.0,1565490.0,1565490.0,1565490.0,1565490.0,1565490.0,1565490.0,1565490.0,1565490.0,1565490.0,1565490.0,1565490.0,1565490.0,1565490.0,1565490.0,1565490.0,1565490.0,1565490.0,1565490.0,1565490.0,1565490.0,1565490.0,1565490.0,1565490.0,1565490.0,1565490.0,1565490.0,1565490.0,1565490.0,1565490.0,1565490.0,1565490.0,1565490.0,1565490.0,1565490.0,1565490.0,1565490.0,1565490.0,1565490.0,1565490.0,1565490.0,1565490.0,1565490.0,1565490.0,1565490.0,1565490.0,1565490.0
1565460.0,1565460.0,1565460.0,1565460.0,1565460.0,1565460.0,1565460.0,1565460.0,1565460.0,1565460.0,1565460.0,1565460.0,1565460.0,1565460.0,1565460.0,1565460.0,1565460.0,1565460.0,1565460.0,1565460.0,1565460.0,1565460.0,1565460.0,1565460.0,1565460.0,1565460.0,1565460.0,1565460.0,1565460.0,1565460.0,1565460.0,1565460.0,1565460.0,1565460.0,1565460.0,1565460.0,1565460.0,1565460.0,1565460.0,1565460.0,1565460.0,1565460.0,1565460.0,1565460.0,1565460.0,1565460.0,1565460.0,1565460.0,1565460.0,1565460.0,1565460.0
1565430.0,1565430.0,1565430.0,1565430.0,1565430.0,1565430.0,1565430.0,1565430.0,1565430.0,1565430.0,1565430.0,1565430.0,1565430.0,1565430.0,1565430.0,1565430.0,1565430.0,1565430.0,1565430.0,1565430.0,1565430.0,1565430.0,1565430.0,1565430.0,1565430.0,1565430.0,1565430.0,1565430.0,1565430.0,1565430.0,1565430.0,1565430.0,1565430.0,1565430.0,1565430.0,1565430.0,1565430.0,1565430.0,1565430.0,1565430.0,1565430.0,1565430.0,1565430.0,1565430.0,1565430.0,1565430.0,1565430.0,1565430.0,1565430.0,1565430.0,1565430.0
1565400.0,1565400.0,1565400.0,1565400.0,1565400.0,1565400.0,1565400.0,1565400.0,1565400.0,1565400.0,1565400.0,1565400.0,1565400.0,1565400.0,1565400.0,1565400.0,1565400.0,1565400.0,1565400.0,1565400.0,1565400.0,1565400.0,1565400.0,1565400.0,1565400.0,1565400.0,1565400.0,1565400.0,1565400.0,1565400.0,1565400.0,1565400.0,1565400.0,1565400.0,1565400.0,1565400.0,1565400.0,1565400.0,1565400.0,1565400.0,1565400.0,1565400.0,1565400.0,1565400.0,1565400.0,1565400.0,1565400.0,1565400.0,1565400.0,1565400.0,1565400.0
1565370.0,1565370.0,1565370.0,1565370.0,1565370.0,1565370.0,1565370.0,1565370.0,1565370.0,1565370.0,1565370.0,1565370.0,1565370.0,1565370.0,1565370.0,1565370.0,1565370.0,1565370.0,1565370.0,1565370.0,1565370.0,1565370.0,1565370.0,1565370.0,1565370.0,1565370.0,1565370.0,1565370.0,1565370.0,1565370.0,1565370.0,1565370.0,1565370.0,1565370.0,1565370.0,1565370.0,1565370.0,1565370.0,1565370.0,1565370.0,1565370.0,1565370.0,1565370.0,1565370.0,1565370.0,1565370.0,1565370.0,1565370.0,1565370.0,1565370.0,1565370.0
1565340.0,1565340.0,1565340.0,1565340.0,1565340.0,1565340.0,1565340.0,1565340.0,1565340.0,1565340.0,1565340.0,1565340.0,1565340.0,1565340.0,1565340.0,1565340.0,1565340.0,1565340.0,1565340.0,1565340.0,1565340.0,1565340.0,1565340.0,1565340.0,1565340.0,1565340.0,1565340.0,1565340.0,1565340.0,1565340.0,1565340.0,1565340.0,1565340.0,1565340.0,1565340.0,1565340.0,1565340.0,1565340.0,1565340.0,1565340.0,1565340.0,1565340.0,1565340.0,1565340.0,1565340.0,1565340.0,1565340.0,1565340.0,1565340.0,1565340.0,1565340.0
1565310.0,1565310.0,1565310.0,1565310.0,1565310.0,1565310.0,1565310.0,1565310.0,1565310.0,1565310.0,1565310.0,1565310.0,1565310.0,1565310.0,1565310.0,1565310.0,1565310.0,1565310.0,1565310.0,1565310.0,1565310.0,1565310.0,1565310.0,1565310.0,1565310.0,1565310.0,1565310.0,1565310.0,1565310.0,1565310.0,1565310.0,1565310.0,1565310.0,1565310.0,1565310.0,1565310.0,1565310.0,1565310.0,1565310.0,1565310.0,1565310.0,1565310.0,1565310.0,1565310.0,1565310.0,1565310.0,1565310.0,1565310.0,1565310.0,1565310.0,1565310.0
1565280.0,1565280.0,1565280.0,1565280.0,1565280.0,1565280.0,1565280.0,1565280.0,1565280.0,1565280.0,1565280.0,1565280.0,1565280.0,1565280.0,1565280.0,1565280.0,1565280.0,1565280.0,1565280.0,1565280.0,1565280.0,1565280.0,1565280.0,1565280.0,1565280.0,1565280.0,1565280.0,1565280.0,1565280.0,1565280.0,1565280.0,1565280.0,1565280.0,1565280.0,1565280.0,1565280.0,1565280.0,1565280.0,1565280.0,1565280.0,1565280.0,1565280.0,1565280.0,1565280.0,1565280.0,1565280.0,1565280.0,1565280.0,1565280.0,1565280.0,1565280.0
1565250.0,1565250.0,1565250.0,1565250.0,1565250.0,1565250.0,1565250.0,1565250.0,1565250.0,1565250.0,1565250.0,1565250.0,1565250.0,1565250.0,1565250.0,1565250.0,1565250.0,1565250.0,1565250.0,1565250.0,1565250.0,1565250.0,1565250.0,1565250.0,1565250.0,1565250.0,1565250.0,1565250.0,1565250.0,1565250.0,1565250.0,1565250.0,1565250.0,1565250.0,1565250.0,1565250.0,1565250.0,1565250.0,1565250.0,1565250.0,1565250.0,1565250.0,1565250.0,1565250.0,1565250.0,1565250.0,1565250.0,1565250.0,1565250.0,1565250.0,1565250.0
1565220.0,1565220.0,1565220.0,1565220.0,1565220.0,1565220.0,1565220.0,1565220.0,1565220.0,1565220.0,1565220.0,1565220.0,1565220.0,1565220.0,1565220.0,1565220.0,1565220.0,1565220.0,1565220.0,1565220.0,1565220.0,1565220.0,1565220.0,1565220.0,1565220.0,1565220.0,1565220.0,1565220.0,1565220.0,1565220.0,1565220.0,1565220.0,1565220.0,1565220.0,1565220.0,1565220.0,1565220.0,1565220.0,1565220.0,1565220.0,1565220.0,1565220.0,1565220.0,1565220.0,1565220.0,1565220.0,1565220.0,1565220.0,1565220.0,1565220.0,1565220.0
1565190.0,1565190.0,1565190.0,1565190.0,1565190.0,1565190.0,1565190.0,1565190.0,1565190.0,1565190.0,1565190.0,1565190.0,1565190.0,1565190.0,1565190.0,1565190.0,1565190.0,1565190.0,1565190.0,1565190.0,1565190.0,1565190.0,1565190.0,1565190.0,1565190.0,1565190.0,1565190.0,1565190.0,1565190.0,1565190.0,1565190.0,1565190.0,1565190.0,1565190.0,1565190.0,1565190.0,1565190.0,1565190.0,1565190.0,1565190.0,1565190.0,1565190.0,1565190.0,1565190.0,1565190.0,1565190.0,1565190.0,1565190.0,1565190.0,1565190.0,1565190.0
1565160.0,1565160.0,1565160.0,1565160.0,1565160.0,1565160.0,1565160.0,1565160.0,1565160.0,1565160.0,1565160.0,1565160.0,1565160.0,1565160.0,1565160.0,1565160.0,1565160.0,1565160.0,1565160.0,1565160.0,1565160.0,1565160.0,1565160.0,1565160.0,1565160.0,1565160.0,1565160.0,1565160.0,1565160.0,1565160.0,1565160.0,1565160.0,1565160.0,1565160.0,1565160.0,1565160.0,1565160.0,1565160.0,1565160.0,1565160.0,1565160.0,1565160.0,1565160.0,1565160.0,1565160.0,1565160.0,1565160.0,1565160.0,1565160.0,1565160.0,1565160.0
1565130.0,1565130.0,1565130.0,1565130.0,1565130.0,1565130.0,1565130.0,1565130.0,1565130.0,1565130.0,1565130.0,1565130.0,1565130.0,1565130.0,1565130.0,1565130.0,1565130.0,1565130.0,1565130.0,1565130.0,1565130.0,1565130.0,1565130.0,1565130.0,1565130.0,1565130.0,1565130.0,1565130.0,1565130.0,1565130.0,1565130.0,1565130.0,1565130.0,1565130.0,1565130.0,1565130.0,1565130.0,1565130.0,1565130.0,1565130.0,1565130.0,1565130.0,1565130.0,1565130.0,1565130.0,1565130.0,1565130.0,1565130.0,1565130.0,1565130.0,1565130.0
1565100.0,1565100.0,1565100.0,1565100.0,1565100.0,1565100.0,1565100.0,1565100.0,1565100.0,1565100.0,1565100.0,1565100.0,1565100.0,1565100.0,1565100.0,1565100.0,1565100.0,1565100.0,1565100.0,1565100.0,1565100.0,1565100.0,1565100.0,1565100.0,1565100.0,1565100.0,1565100.0,1565100.0,1565100.0,1565100.0,1565100.0,1565100.0,1565100.0,1565100.0,1565100.0,1565100.0,1565100.0,1565100.0,1565100.0,1565100.0,1565100.0,1565100.0,1565100.0,1565100.0,1565100.0,1565100.0,1565100.0,1565100.0,1565100.0,1565100.0,1565100.0
1565070.0,1565070.0,1565070.0,1565070.0,1565070.0,1565070.0,1565070.0,1565070.0,1565070.0,1565070.0,1565070.0,1565070.0,1565070.0,1565070.0,1565070.0,1565070.0,1565070.0,1565070.0,1565070.0,1565070.0,1565070.0,1565070.0,1565070.0,1565070.0,1565070.0,1565070.0,1565070.0,1565070.0,1565070.0,1565070.0,1565070.0,1565070.0,1565070.0,1565070.0,1565070.0,1565070.0,1565070.0,1565070.0,1565070.0,1565070.0,1565070.0,1565070.0,1565070.0,1565070.0,1565070.0,1565070.0,1565070.0,1565070.0,1565070.0,1565070.0,1565070.0
1565040.0,1565040.0,1565040.0,1565040.0,1565040.0,1565040.0,1565040.0,1565040.0,1565040.0,1565040.0,1565040.0,1565040.0,1565040.0,1565040.0,1565040.0,1565040.0,1565040.0,1565040.0,1565040.0,1565040.0,1565040.0,1565040.0,1565040.0,1565040.0,1565040.0,1565040.0,1565040.0,1565040.0,1565040.0,1565040.0,1565040.0,1565040.0,1565040.0,1565040.0,1565040.0,1565040.0,1565040.0,1565040.0,1565040.0,1565040.0,1565040.0,1565040.0,1565040.0,1565040.0,1565040.0,1565040.0,1565040.0,1565040.0,1565040.0,1565040.0,1565040.0
1565010.0,1565010.0,1565010.0,1565010.0,1565010.0,1565010.0,1565010.0,1565010.0,1565010.0,1565010.0,1565010.0,1565010.0,1565010.0,1565010.0,1565010.0,1565010.0,1565010.0,1565010.0,1565010.0,1565010.0,1565010.0,1565010.0,1565010.0,1565010.0,1565010.0,1565010.0,1565010.0,1565010.0,1565010.0,1565010.0,1565010.0,1565010.0,1565010.0,1565010.0,1565010.0,1565010.0,1565010.0,1565010.0,1565010.0,1565010.0,1565010.0,1565010.0,1565010.0,1565010.0,1565010.0,1565010.0,1565010.0,1565010.0,1565010.0,1565010.0,1565010.0
1564980.0,1564980.0,1564980.0,1564980.0,1564980.0,1564980.0,1564980.0,1564980.0,1564980.0,1564980.0,1564980.0,1564980.0,1564980.0,1564980.0,1564980.0,1564980.0,1564980.0,1564980.0,1564980.0,1564980.0,1564980.0,1564980.0,1564980.0,1564980.0,1564980.0,1564980.0,1564980.0,1564980.0,1564980.0,1564980.0,1564980.0,1564980.0,1564980.0,1564980.0,1564980.0,1564980.0,1564980.0,1564980.0,1564980.0,1564980.0,1564980.0,1564980.0,1564980.0,1564980.0,1564980.0,1564980.0,1564980.0,1564980.0,1564980.0,1564980.0,1564980.0
1564950.0,1564950.0,1564950.0,1564950.0,1564950.0,1564950.0,1564950.0,1564950.0,1564950.0,1564950.0,1564950.0,1564950.0,1564950.0,1564950.0,1564950.0,1564950.0,1564950.0,1564950.0,1564950.0,1564950.0,1564950.0,1564950.0,1564950.0,1564950.0,1564950.0,1564950.0,1564950.0,1564950.0,1564950.0,1564950.0,1564950.0,1564950.0,1564950.0,1564950.0,1564950.0,1564950.0,1564950.0,1564950.0,1564950.0,1564950.0,1564950.0,1564950.0,1564950.0,1564950.0,1564950.0,1564950.0,1564950.0,1564950.0,1564950.0,1564950.0,1564950.0
1564920.0,1564920.0,1564920.0,1564920.0,1564920.0,1564920.0,1564920.0,1564920.0,1564920.0,1564920.0,1564920.0,1564920.0,1564920.0,1564920.0,1564920.0,1564920.0,1564920.0,1564920.0,1564920.0,1564920.0,1564920.0,1564920.0,1564920.0,1564920.0,1564920.0,1564920.0,1564920.0,1564920.0,1564920.0,1564920.0,1564920.0,1564920.0,1564920.0,1564920.0,1564920.0,1564920.0,1564920.0,1564920.0,1564920.0,1564920.0,1564920.0,1564920.0,1564920.0,1564920.0,1564920.0,1564920.0,1564920.0,1564920.0,1564920.0,1564920.0,1564920.0
1564890.0,1564890.0,1564890.0,1564890.0,1564890.0,1564890.0,1564890.0,1564890.0,1564890.0,1564890.0,1564890.0,1564890.0,1564890.0,1564890.0,1564890.0,1564890.0,1564890.0,1564890.0,1564890.0,1564890.0,1564890.0,1564890.0,1564890.0,1564890.0,1564890.0,1564890.0,1564890.0,1564890.0,1564890.0,1564890.0,1564890.0,1564890.0,1564890.0,1564890.0,1564890.0,1564890.0,1564890.0,1564890.0,1564890.0,1564890.0,1564890.0,1564890.0,1564890.0,1564890.0,1564890.0,1564890.0,1564890.0,1564890.0,1564890.0,1564890.0,1564890.0
1564860.0,1564860.0,1564860.0,1564860.0,1564860.0,1564860.0,1564860.0,1564860.0,1564860.0,1564860.0,1564860.0,1564860.0,1564860.0,1564860.0,1564860.0,1564860.0,1564860.0,1564860.0,1564860.0,1564860.0,1564860.0,1564860.0,1564860.0,1564860.0,1564860.0,1564860.0,1564860.0,1564860.0,1564860.0,1564860.0,1564860.0,1564860.0,1564860.0,1564860.0,1564860.0,1564860.0,1564860.0,1564860.0,1564860.0,1564860.0,1564860.0,1564860.0,1564860.0,1564860.0,1564860.0,1564860.0,1564860.0,1564860.0,1564860.0,1564860.0,1564860.0
1564830.0,1564830.0,1564830.0,1564830.0,1564830.0,1564830.0,1564830.0,1564830.0,1564830.0,1564830.0,1564830.0,1564830.0,1564830.0,1564830.0,1564830.0,1564830.0,1564830.0,1564830.0,1564830.0,1564830.0,1564830.0,1564830.0,1564830.0,1564830.0,1564830.0,1564830.0,1564830.0,1564830.0,1564830.0,1564830.0,1564830.0,1564830.0,1564830.0,1564830.0,1564830.0,1564830.0,1564830.0,1564830.0,1564830.0,1564830.0,1564830.0,1564830.0,1564830.0,1564830.0,1564830.0,1564830.0,1564830.0,1564830.0,1564830.0,1564830.0,1564830.0
1564800.0,1564800.0,1564800.0,1564800.0,1564800.0,1564800.0,1564800.0,1564800.0,1564800.0,1564800.0,1564800.0,1564800.0,1564800.0,1564800.0,1564800.0,1564800.0,1564800.0,1564800.0,1564800.0,1564800.0,1564800.0,1564800.0,1564800.0,1564800.0,1564800.0,1564800.0,1564800.0,1564800.0,1564800.0,1564800.0,1564800.0,1564800.0,1564800.0,1564800.0,1564800.0,1564800.0,1564800.0,1564800.0,1564800.0,1564800.0,1564800.0,1564800.0,1564800.0,1564800.0,1564800.0,1564800.0,1564800.0,1564800.0,1564800.0,1564800.0,1564800.0
1564770.0,1564770.0,1564770.0,1564770.0,1564770.0,1564770.0,1564770.0,1564770.0,1564770.0,1564770.0,1564770.0,1564770.0,1564770.0,1564770.0,1564770.0,1564770.0,1564770.0,1564770.0,1564770.0,1564770.0,1564770.0,1564770.0,1564770.0,1564770.0,1564770.0,1564770.0,1564770.0,1564770.0,1564770.0,1564770.0,1564770.0,1564770.0,1564770.0,1564770.0,1564770.0,1564770.0,1564770.0,1564770.0,1564770.0,1564770.0,1564770.0,1564770.0,1564770.0,1564770.0,1564770.0,1564770.0,1564770.0,1564770.0,1564770.0,1564770.0,1564770.0
1564740.0,1564740.0,1564740.0,1564740.0,1564740.0,1564740.0,1564740.0,1564740.0,1564740.0,1564740.0,1564740.0,1564740.0,1564740.0,1564740.0,1564740.0,1564740.0,1564740.0,1564740.0,1564740.0,1564740.0,1564740.0,1564740.0,1564740.0,1564740.0,1564740.0,1564740.0,1564740.0,1564740.0,1564740.0,1564740.0,1564740.0,1564740.0,1564740.0,1564740.0,1564740.0,1564740.0,1564740.0,1564740.0,1564740.0,1564740.0,1564740.0,1564740.0,1564740.0,1564740.0,1564740.0,1564740.0,1564740.0,1564740.0,1564740.0,1564740.0,1564740.0
1564710.0,1564710.0,1564710.0,1564710.0,1564710.0,1564710.0,1564710.0,1564710.0,1564710.0,1564710.0,1564710.0,1564710.0,1564710.0,1564710.0,1564710.0,1564710.0,1564710.0,1564710.0,1564710.0,1564710.0,1564710.0,1564710.0,1564710.0,1564710.0,1564710.0,1564710.0,1564710.0,1564710.0,1564710.0,1564710.0,1564710.0,1564710.0,1564710.0,1564710.0,1564710.0,1564710.0,1564710.0,1564710.0,1564710.0,1564710.0,1564710.0,1564710.0,1564710.0,1564710.0,1564710.0,1564710.0,1564710.0,1564710.0,1564710.0,1564710.0,1564710.0
1564680.0,1564680.0,1564680.0,1564680.0,1564680.0,1564680.0,1564680.0,1564680.0,1564680.0,1564680.0,1564680.0,1564680.0,1564680.0,1564680.0,1564680.0,1564680.0,1564680.0,1564680.0,1564680.0,1564680.0,1564680.0,1564680.0,1564680.0,1564680.0,1564680.0,1564680.0,1564680.0,1564680.0,1564680.0,1564680.0,1564680.0,1564680.0,1564680.0,1564680.0,1564680.0,1564680.0,1564680.0,1564680.0,1564680.0,1564680.0,1564680.0,1564680.0,1564680.0,1564680.0,1564680.0,1564680.0,1564680.0,1564680.0,1564680.0,1564680.0,1564680.0
1564650.0,1564650.0,1564650.0,1564650.0,1564650.0,1564650.0,1564650.0,1564650.0,1564650.0,1564650.0,1564650.0,1564650.0,1564650.0,1564650.0,1564650.0,1564650.0,1564650.0,1564650.0,1564650.0,1564650.0,1564650.0,1564650.0,1564650.0,1564650.0,1564650.0,1564650.0,1564650.0,1564650.0,1564650.0,1564650.0,1564650.0,1564650.0,1564650.0,1564650.0,1564650.0,1564650.0,1564650.0,1564650.0,1564650.0,1564650.0,1564650.0,1564650.0,1564650.0,1564650.0,1564650.0,1564650.0,1564650.0,1564650.0,1564650.0,1564650.0,1564650.0
1564620.0,1564620.0,1564620.0,1564620.0,1564620.0,1564620.0,1564620.0,1564620.0,1564620.0,1564620.0,1564620.0,1564620.0,1564620.0,1564620.0,1564620.0,1564620.0,1564620.0,1564620.0,1564620.0,1564620.0,1564620.0,1564620.0,1564620.0,1564620.0,1564620.0,1564620.0,1564620.0,1564620.0,1564620.0,1564620.0,1564620.0,1564620.0,1564620.0,1564620.0,1564620.0,1564620.0,1564620.0,1564620.0,1564620.0,1564620.0,1564620.0,1564620.0,1564620.0,1564620.0,1564620.0,1564620.0,1564620.0,1564620.0,1564620.0,1564620.0,1564620.0
1564590.0,1564590.0,1564590.0,1564590.0,1564590.0,1564590.0,1564590.0,1564590.0,1564590.0,1564590.0,1564590.0,1564590.0,1564590.0,1564590.0,1564590.0,1564590.0,1564590.0,1564590.0,1564590.0,1564590.0,1564590.0,1564590.0,1564590.0,1564590.0,1564590.0,1564590.0,1564590.0,1564590.0,1564590.0,1564590.0,1564590.0,1564590.0,1564590.0,1564590.0,1564590.0,1564590.0,1564590.0,1564590.0,1564590.0,1564590.0,1564590.0,1564590.0,1564590.0,1564590.0,1564590.0,1564590.0,1564590.0,1564590.0,1564590.0,1564590.0,1564590.0
1564560.0,1564560.0,1564560.0,1564560.0,1564560.0,1564560.0,1564560.0,1564560.0,1564560.0,1564560.0,1564560.0,1564560.0,1564560.0,1564560.0,1564560.0,1564560.0,1564560.0,1564560.0,1564560.0,1564560.0,1564560.0,1564560.0,1564560.0,1564560.0,1564560.0,1564560.0,1564560.0,1564560.0,1564560.0,1564560.0,1564560.0,1564560.0,1564560.0,1564560.0,1564560.0,1564560.0,1564560.0,1564560.0,1564560.0,1564560.0,1564560.0,1564560.0,1564560.0,1564560.0,1564560.0,1564560.0,1564560.0,1564560.0,1564560.0,1564560.0,1564560.0
1564530.0,1564530.0,1564530.0,1564530.0,1564530.0,1564530.0,1564530.0,1564530.0,1564530.0,1564530.0,1564530.0,1564530.0,1564530.0,1564530.0,1564530.0,1564530.0,1564530.0,1564530.0,1564530.0,1564530.0,1564530.0,1564530.0,1564530.0,1564530.0,1564530.0,1564530.0,1564530.0,1564530.0,1564530.0,1564530.0,1564530.0,1564530.0,1564530.0,1564530.0,1564530.0,1564530.0,1564530.0,1564530.0,1564530.0,1564530.0,1564530.0,1564530.0,1564530.0,1564530.0,1564530.0,1564530.0,1564530.0,1564530.0,1564530.0,1564530.0,1564530.0
1564500.0,1564500.0,1564500.0,1564500.0,1564500.0,1564500.0,1564500.0,1564500.0,1564500.0,1564500.0,1564500.0,1564500.0,1564500.0,1564500.0,1564500.0,1564500.0,1564500.0,1564500.0,1564500.0,1564500.0,1564500.0,1564500.0,1564500.0,1564500.0,1564500.0,1564500.0,1564500.0,1564500.0,1564500.0,1564500.0,1564500.0,1564500.0,1564500.0,1564500.0,1564500.0,1564500.0,1564500.0,1564500.0,1564500.0,1564500.0,1564500.0,1564500.0,1564500.0,1564500.0,1564500.0,1564500.0,1564500.0,1564500.0,1564500.0,1564500.0,1564500.0
1564470.0,1564470.0,1564470.0,1564470.0,1564470.0,1564470.0,1564470.0,1564470.0,1564470.0,1564470.0,1564470.0,1564470.0,1564470.0,1564470.0,1564470.0,1564470.0,1564470.0,1564470.0,1564470.0,1564470.0,1564470.0,1564470.0,1564470.0,1564470.0,1564470.0,1564470.0,1564470.0,1564470.0,1564470.0,1564470.0,1564470.0,1564470.0,1564470.0,1564470.0,1564470.0,1564470.0,1564470.0,1564470.0,1564470.0,1564470.0,1564470.0,1564470.0,1564470.0,1564470.0,1564470.0,1564470.0,1564470.0,1564470.0,1564470.0,1564470.0,1564470.0
1564440.0,1564440.0,1564440.0,1564440.0,1564440.0,1564440.0,1564440.0,1564440.0,1564440.0,1564440.0,1564440.0,1564440.0,1564440.0,1564440.0,1564440.0,1564440.0,1564440.0,1564440.0,1564440.0,1564440.0,1564440.0,1564440.0,1564440.0,1564440.0,1564440.0,1564440.0,1564440.0,1564440.0,1564440.0,1564440.0,1564440.0,1564440.0,1564440.0,1564440.0,1564440.0,1564440.0,1564440.0,1564440.0,1564440.0,1564440.0,1564440.0,1564440.0,1564440.0,1564440.0,1564440.0,1564440.0,1564440.0,1564440.0,1564440.0,1564440.0,1564440.0
1564410.0,1564410.0,1564410.0,1564410.0,1564410.0,1564410.0,1564410.0,1564410.0,1564410.0,1564410.0,1564410.0,1564410.0,1564410.0,1564410.0,1564410.0,1564410.0,1564410.0,1564410.0,1564410.0,1564410.0,1564410.0,1564410.0,1564410.0,1564410.0,1564410.0,1564410.0,1564410.0,1564410.0,1564410.0,1564410.0,1564410.0,1564410.0,1564410.0,1564410.0,1564410.0,1564410.0,1564410.0,1564410.0,1564410.0,1564410.0,1564410.0,1564410.0,1564410.0,1564410.0,1564410.0,1564410.0,1564410.0,1564410.0,1564410.0,1564410.0,1564410.0
1564380.0,1564380.0,1564380.0,1564380.0,1564380.0,1564380.0,1564380.0,1564380.0,1564380.0,1564380.0,1564380.0,1564380.0,1564380.0,1564380.0,1564380.0,1564380.0,1564380.0,1564380.0,1564380.0,1564380.0,1564380.0,1564380.0,1564380.0,1564380.0,1564380.0,1564380.0,1564380.0,1564380.0,1564380.0,1564380.0,1564380.0,1564380.0,1564380.0,1564380.0,1564380.0,1564380.0,1564380.0,1564380.0,1564380.0,1564380.0,1564380.0,1564380.0,1564380.0,1564380.0,1564380.0,1564380.0,1564380.0,1564380.0,1564380.0,1564380.0,1564380.0
1564350.0,1564350.0,1564350.0,1564350.0,1564350.0,1564350.0,1564350.0,1564350.0,1564350.0,1564350.0,1564350.0,1564350.0,1564350.0,1564350.0,1564350.0,1564350.0,1564350.0,1564350.0,1564350.0,1564350.0,1564350.0,1564350.0,1564350.0,1564350.0,1564350.0,1564350.0,1564350.0,1564350.0,1564350.0,1564350.0,1564350.0,1564350.0,1564350.0,1564350.0,1564350.0,1564350.0,1564350.0,1564350.0,1564350.0,1564350.0,1564350.0,1564350.0,1564350.0,1564350.0,1564350.0,1564350.0,1564350.0,1564350.0,1564350.0,1564350.0,1564350.0
1564320.0,1564320.0,1564320.0,1564320.0,1564320.0,1564320.0,1564320.0,1564320.0,1564320.0,1564320.0,1564320.0,1564320.0,1564320.0,1564320.0,1564320.0,1564320.0,1564320.0,1564320.0,1564320.0,1564320.0,1564320.0,1564320.0,1564320.0,1564320.0,1564320.0,1564320.0,1564320.0,1564320.0,1564320.0,1564320.0,1564320.0,1564320.0,1564320.0,1564320.0,1564320.0,1564320.0,1564320.0,1564320.0,1564320.0,1564320.0,1564320.0,1564320.0,1564320.0,1564320.0,1564320.0,1564320.0,1564320.0,1564320.0,1564320.0,1564320.0,1564320.0
1564290.0,1564290.0,1564290.0,1564290.0,1564290.0,1564290.0,1564290.0,1564290.0,1564290.0,1564290.0,1564290.0,1564290.0,1564290.0,1564290.0,1564290.0,1564290.0,1564290.0,1564290.0,1564290.0,1564290.0,1564290.0,1564290.0,1564290.0,1564290.0,1564290.0,1564290.0,1564290.0,1564290.0,1564290.0,1564290.0,1564290.0,1564290.0,1564290.0,1564290.0,1564290.0,1564290.0,1564290.0,1564290.0,1564290.0,1564290.0,1564290.0,1564290.0,1564290.0,1564290.0,1564290.0,1564290.0,1564290.0,1564290.0,1564290.0,1564290.0,1564290.0
1564260.0,1564260.0,1564260.0,1564260.0,1564260.0,1564260.0,1564260.0,1564260.0,1564260.0,1564260.0,1564260.0,1564260.0,1564260.0,1564260.0,1564260.0,1564260.0,1564260.0,1564260.0,1564260.0,1564260.0,1564260.0,1564260.0,1564260.0,1564260.0,1564260.0,1564260.0,1564260.0,1564260.0,1564260.0,1564260.0,1564260.0,1564260.0,1564260.0,1564260.0,1564260.0,1564260.0,1564260.0,1564260.0,1564260.0,1564260.0,1564260.0,1564260.0,1564260.0,1564260.0,1564260.0,1564260.0,1564260.0,1564260.0,1564260.0,1564260.0,1564260.0
1564230.0,1564230.0,1564230.0,1564230.0,1564230.0,1564230.0,1564230.0,1564230.0,1564230.0,1564230.0,1564230.0,1564230.0,1564230.0,1564230.0,1564230.0,1564230.0,1564230.0,1564230.0,1564230.0,1564230.0,1564230.0,1564230.0,1564230.0,1564230.0,1564230.0,1564230.0,1564230.0,1564230.0,1564230.0,1564230.0,1564230.0,1564230.0,1564230.0,1564230.0,1564230.0,1564230.0,1564230.0,1564230.0,1564230.0,1564230.0,1564230.0,1564230.0,1564230.0,1564230.0,1564230.0,1564230.0,1564230.0,1564230.0,1564230.0,1564230.0,1564230.0
1564200.0,1564200.0,1564200.0,1564200.0,1564200.0,1564200.0,1564200.0,1564200.0,1564200.0,1564200.0,1564200.0,1564200.0,1564200.0,1564200.0,1564200.0,1564200.0,1564200.0,1564200.0,1564200.0,1564200.0,1564200.0,1564200.0,1564200.0,1564200.0,1564200.0,1564200.0,1564200.0,1564200.0,1564200.0,1564200.0,1564200.0,1564200.0,1564200.0,1564200.0,1564200.0,1564200.0,1564200.0,1564200.0,1564200.0,1564200.0,1564200.0,1564200.0,1564200.0,1564200.0,1564200.0,1564200.0,1564200.0,1564200.0,1564200.0,1564200.0,1564200.0
1564170.0,1564170.0,1564170.0,1564170.0,1564170.0,1564170.0,1564170.0,1564170.0,1564170.0,1564170.0,1564170.0,1564170.0,1564170.0,1564170.0,1564170.0,1564170.0,1564170.0,1564170.0,1564170.0,1564170.0,1564170.0,1564170.0,1564170.0,1564170.0,1564170.0,1564170.0,1564170.0,1564170.0,1564170.0,1564170.0,1564170.0,1564170.0,1564170.0,1564170.0,1564170.0,1564170.0,1564170.0,1564170.0,1564170.0,1564170.0,1564170.0,1564170.0,1564170.0,1564170.0,1564170.0,1564170.0,1564170.0,1564170.0,1564170.0,1564170.0,1564170.0
1564140.0,1564140.0,1564140.0,1564140.0,1564140.0,1564140.0,1564140.0,1564140.0,1564140.0,1564140.0,1564140.0,1564140.0,1564140.0,1564140.0,1564140.0,1564140.0,1564140.0,1564140.0,1564140.0,1564140.0,1564140.0,1564140.0,1564140.0,1564140.0,1564140.0,1564140.0,1564140.0,1564140.0,1564140.0,1564140.0,1564140.0,1564140.0,1564140.0,1564140.0,1564140.0,1564140.0,1564140.0,1564140.0,1564140.0,1564140.0,1564140.0,1564140.0,1564140.0,1564140.0,1564140.0,1564140.0,1564140.0,1564140.0,1564140.0,1564140.0,1564140.0
1564110.0,1564110.0,1564110.0,1564110.0,1564110.0,1564110.0,1564110.0,1564110.0,1564110.0,1564110.0,1564110.0,1564110.0,1564110.0,1564110.0,1564110.0,1564110.0,1564110.0,1564110.0,1564110.0,1564110.0,1564110.0,1564110.0,1564110.0,1564110.0,1564110.0,1564110.0,1564110.0,1564110.0,1564110.0,1564110.0,1564110.0,1564110.0,1564110.0,1564110.0,1564110.0,1564110.0,1564110.0,1564110.0,1564110.0,1564110.0,1564110.0,1564110.0,1564110.0,1564110.0,1564110.0,1564110.0,1564110.0,1564110.0,1564110.0,1564110.0,1564110.0
1564080.0,1564080.0,1564080.0,1564080.0,1564080.0,1564080.0,1564080.0,1564080.0,1564080.0,1564080.0,1564080.0,1564080.0,1564080.0,1564080.0,1564080.0,1564080.0,1564080.0,1564080.0,1564080.0,1564080.0,1564080.0,1564080.0,1564080.0,1564080.0,1564080.0,1564080.0,1564080.0,1564080.0,1564080.0,1564080.0,1564080.0,1564080.0,1564080.0,1564080.0,1564080.0,1564080.0,1564080.0,1564080.0,1564080.0,1564080.0,1564080.0,1564080.0,1564080.0,1564080.0,1564080.0,1564080.0,1564080.0,1564080.0,1564080.0,1564080.0,1564080.0
1564050.0,1564050.0,1564050.0,1564050.0,1564050.0,1564050.0,1564050.0,1564050.0,1564050.0,1564050.0,1564050.0,1564050.0,1564050.0,1564050.0,1564050.0,1564050.0,1564050.0,1564050.0,1564050.0,1564050.0,1564050.0,1564050.0,1564050.0,1564050.0,1564050.0,1564050.0,1564050.0,1564050.0,1564050.0,1564050.0,1564050.0,1564050.0,1564050.0,1564050.0,1564050.0,1564050.0,1564050.0,1564050.0,1564050.0,1564050.0,1564050.0,1564050.0,1564050.0,1564050.0,1564050.0,1564050.0,1564050.0,1564050.0,1564050.0,1564050.0,1564050.0
1564020.0,1564020.0,1564020.0,1564020.0,1564020.0,1564020.0,1564020.0,1564020.0,1564020.0,1564020.0,1564020.0,1564020.0,1564020.0,1564020.0,1564020.0,1564020.0,1564020.0,1564020.0,1564020.0,1564020.0,1564020.0,1564020.0,1564020.0,1564020.0,1564020.0,1564020.0,1564020.0,1564020.0,1564020.0,1564020.0,1564020.0,1564020.0,1564020.0,1564020.0,1564020.0,1564020.0,1564020.0,1564020.0,1564020.0,1564020.0,1564020.0,1564020.0,1564020.0,1564020.0,1564020.0,1564020.0,1564020.0,1564020.0,1564020.0,1564020.0,1564020.0
1563990.0,1563990.0,1563990.0,1563990.0,1563990.0,1563990.0,1563990.0,1563990.0,1563990.0,1563990.0,1563990.0,1563990.0,1563990.0,1563990.0,1563990.0,1563990.0,1563990.0,1563990.0,1563990.0,1563990.0,1563990.0,1563990.0,1563990.0,1563990.0,1563990.0,1563990.0,1563990.0,1563990.0,1563990.0,1563990.0,1563990.0,1563990.0,1563990.0,1563990.0,1563990.0,1563990.0,1563990.0,1563990.0,1563990.0,1563990.0,1563990.0,1563990.0,1563990.0,1563990.0,1563990.0,1563990.0,1563990.0,1563990.0,1563990.0,1563990.0,1563990.0
1563960.0,1563960.0,1563960.0,1563960.0,1563960.0,1563960.0,1563960.0,1563960.0,1563960.0,1563960.0,1563960.0,1563960.0,1563960.0,1563960.0,1563960.0,1563960.0,1563960.0,1563960.0,1563960.0,1563960.0,1563960.0,1563960.0,1563960.0,1563960.0,1563960.0,1563960.0,1563960.0,1563960.0,1563960.0,1563960.0,1563960.0,1563960.0,1563960.0,1563960.0,1563960.0,1563960.0,1563960.0,1563960.0,1563960.0,1563960.0,1563960.0,1563960.0,1563960.0,1563960.0,1563960.0,1563960.0,1563960.0,1563960.0,1563960.0,1563960.0,1563960.0
1563930.0,1563930.0,1563930.0,1563930.0,1563930.0,1563930.0,1563930.0,1563930.0,1563930.0,1563930.0,1563930.0,1563930.0,1563930.0,1563930.0,1563930.0,1563930.0,1563930.0,1563930.0,1563930.0,1563930.0,1563930.0,1563930.0,1563930.0,1563930.0,1563930.0,1563930.0,1563930.0,1563930.0,1563930.0,1563930.0,1563930.0,1563930.0,1563930.0,1563930.0,1563930.0,1563930.0,1563930.0,1563930.0,1563930.0,1563930.0,1563930.0,1563930.0,1563930.0,1563930.0,1563930.0,1563930.0,1563930.0,1563930.0,1563930.0,1563930.0,1563930.0
1563900.0,1563900.0,1563900.0,1563900.0,1563900.0,1563900.0,1563900.0,1563900.0,1563900.0,1563900.0,1563900.0,1563900.0,1563900.0,1563900.0,1563900.0,1563900.0,1563900.0,1563900.0,1563900.0,1563900.0,1563900.0,1563900.0,1563900.0,1563900.0,1563900.0,1563900.0,1563900.0,1563900.0,1563900.0,1563900.0,1563900.0,1563900.0,1563900.0,1563900.0,1563900.0,1563900.0,1563900.0,1563900.0,1563900.0,1563900.0,1563900.0,1563900.0,1563900.0,1563900.0,1563900.0,1563900.0,1563900.0,1563900.0,1563900.0,1563900.0,1563900.0
1563870.0,1563870.0,1563870.0,1563870.0,1563870.0,1563870.0,1563870.0,1563870.0,1563870.0,1563870.0,1563870.0,1563870.0,1563870.0,1563870.0,1563870.0,1563870.0,1563870.0,1563870.0,1563870.0,1563870.0,1563870.0,1563870.0,1563870.0,1563870.0,1563870.0,1563870.0,1563870.0,1563870.0,1563870.0,1563870.0,1563870.0,1563870.0,1563870.0,1563870.0,1563870.0,1563870.0,1563870.0,1563870.0,1563870.0,1563870.0,1563870.0,1563870.0,1563870.0,1563870.0,1563870.0,1563870.0,1563870.0,1563870.0,1563870.0,1563870.0,1563870.0
1563840.0,1563840.0,1563840.0,1563840.0,1563840.0,1563840.0,1563840.0,1563840.0,1563840.0,1563840.0,1563840.0,1563840.0,1563840.0,1563840.0,1563840.0,1563840.0,1563840.0,1563840.0,1563840.0,1563840.0,1563840.0,1563840.0,1563840.0,1563840.0,1563840.0,1563840.0,1563840.0,1563840.0,1563840.0,1563840.0,1563840.0,1563840.0,1563840.0,1563840.0,1563840.0,1563840.0,1563840.0,1563840.0,1563840.0,1563840.0,1563840.0,1563840.0,1563840.0,1563840.0,1563840.0,1563840.0,1563840.0,1563840.0,1563840.0,1563840.0,1563840.0
1563810.0,1563810.0,1563810.0,1563810.0,1563810.0,1563810.0,1563810.0,1563810.0,1563810.0,1563810.0,1563810.0,1563810.0,1563810.0,1563810.0,1563810.0,1563810.0,1563810.0,1563810.0,1563810.0,1563810.0,1563810.0,1563810.0,1563810.0,1563810.0,1563810.0,1563810.0,1563810.0,1563810.0,1563810.0,1563810.0,1563810.0,1563810.0,1563810.0,1563810.0,1563810.0,1563810.0,1563810.0,1563810.0,1563810.0,1563810.0,1563810.0,1563810.0,1563810.0,1563810.0,1563810.0,1563810.0,1563810.0,1563810.0,1563810.0,1563810.0,1563810.0
1563780.0,1563780.0,1563780.0,1563780.0,1563780.0,1563780.0,1563780.0,1563780.0,1563780.0,1563780.0,1563780.0,1563780.0,1563780.0,1563780.0,1563780.0,1563780.0,1563780.0,1563780.0,1563780.0,1563780.0,1563780.0,1563780.0,1563780.0,1563780.0,1563780.0,1563780.0,1563780.0,1563780.0,1563780.0,1563780.0,1563780.0,1563780.0,1563780.0,1563780.0,1563780.0,1563780.0,1563780.0,1563780.0,1563780.0,1563780.0,1563780.0,1563780.0,1563780.0,1563780.0,1563780.0,1563780.0,1563780.0,1563780.0,1563780.0,1563780.0,1563780.0
1563750.0,1563750.0,1563750.0,1563750.0,1563750.0,1563750.0,1563750.0,1563750.0,1563750.0,1563750.0,1563750.0,1563750.0,1563750.0,1563750.0,1563750.0,1563750.0,1563750.0,1563750.0,1563750.0,1563750.0,1563750.0,1563750.0,1563750.0,1563750.0,1563750.0,1563750.0,1563750.0,1563750.0,1563750.0,1563750.0,1563750.0,1563750.0,1563750.0,1563750.0,1563750.0,1563750.0,1563750.0,1563750.0,1563750.0,1563750.0,1563750.0,1563750.0,1563750.0,1563750.0,1563750.0,1563750.0,1563750.0,1563750.0,1563750.0,1563750.0,1563750.0
1563720.0,1563720.0,1563720.0,1563720.0,1563720.0,1563720.0,1563720.0,1563720.0,1563720.0,1563720.0,1563720.0,1563720.0,1563720.0,1563720.0,1563720.0,1563720.0,1563720.0,1563720.0,1563720.0,1563720.0,1563720.0,1563720.0,1563720.0,1563720.0,1563720.0,1563720.0,1563720.0,1563720.0,1563720.0,1563720.0,1563720.0,1563720.0,1563720.0,1563720.0,1563720.0,1563720.0,1563720.0,1563720.0,1563720.0,1563720.0,1563720.0,1563720.0,1563720.0,1563720.0,1563720.0,1563720.0,1563720.0,1563720.0,1563720.0,1563720.0,1563720.0
1563690.0,1563690.0,1563690.0,1563690.0,1563690.0,1563690.0,1563690.0,1563690.0,1563690.0,1563690.0,1563690.0,1563690.0,1563690.0,1563690.0,1563690.0,1563690.0,1563690.0,1563690.0,1563690.0,1563690.0,1563690.0,1563690.0,1563690.0,1563690.0,1563690.0,1563690.0,1563690.0,1563690.0,1563690.0,1563690.0,1563690.0,1563690.0,1563690.0,1563690.0,1563690.0,1563690.0,1563690.0,1563690.0,1563690.0,1563690.0,1563690.0,1563690.0,1563690.0,1563690.0,1563690.0,1563690.0,1563690.0,1563690.0,1563690.0,1563690.0,1563690.0
1563660.0,1563660.0,1563660.0,1563660.0,1563660.0,1563660.0,1563660.0,1563660.0,1563660.0,1563660.0,1563660.0,1563660.0,1563660.0,1563660.0,1563660.0,1563660.0,1563660.0,1563660.0,1563660.0,1563660.0,1563660.0,1563660.0,1563660.0,1563660.0,1563660.0,1563660.0,1563660.0,1563660.0,1563660.0,1563660.0,1563660.0,1563660.0,1563660.0,1563660.0,1563660.0,1563660.0,1563660.0,1563660.0,1563660.0,1563660.0,1563660.0,1563660.0,1563660.0,1563660.0,1563660.0,1563660.0,1563660.0,1563660.0,1563660.0,1563660.0,1563660.0
1563630.0,1563630.0,1563630.0,1563630.0,1563630.0,1563630.0,1563630.0,1563630.0,1563630.0,1563630.0,1563630.0,1563630.0,1563630.0,1563630.0,1563630.0,1563630.0,1563630.0,1563630.0,1563630.0,1563630.0,1563630.0,1563630.0,1563630.0,1563630.0,1563630.0,1563630.0,1563630.0,1563630.0,1563630.0,1563630.0,1563630.0,1563630.0,1563630.0,1563630.0,1563630.0,1563630.0,1563630.0,1563630.0,1563630.0,1563630.0,1563630.0,1563630.0,1563630.0,1563630.0,1563630.0,1563630.0,1563630.0,1563630.0,1563630.0,1563630.0,1563630.0
1563600.0,1563600.0,1563600.0,1563600.0,1563600.0,1563600.0,1563600.0,1563600.0,1563600.0,1563600.0,1563600.0,1563600.0,1563600.0,1563600.0,1563600.0,1563600.0,1563600.0,1563600.0,1563600.0,1563600.0,1563600.0,1563600.0,1563600.0,1563600.0,1563600.0,1563600.0,1563600.0,1563600.0,1563600.0,1563600.0,1563600.0,1563600.0,1563600.0,1563600.0,1563600.0,1563600.0,1563600.0,1563600.0,1563600.0,1563600.0,1563600.0,1563600.0,1563600.0,1563600.0,1563600.0,1563600.0,1563600.0,1563600.0,1563600.0,1563600.0,1563600.0
1563570.0,1563570.0,1563570.0,1563570.0,1563570.0,1563570.0,1563570.0,1563570.0,1563570.0,1563570.0,1563570.0,1563570.0,1563570.0,1563570.0,1563570.0,1563570.0,1563570.0,1563570.0,1563570.0,1563570.0,1563570.0,1563570.0,1563570.0,1563570.0,1563570.0,1563570.0,1563570.0,1563570.0,1563570.0,1563570.0,1563570.0,1563570.0,1563570.0,1563570.0,1563570.0,1563570.0,1563570.0,1563570.0,1563570.0,1563570.0,1563570.0,1563570.0,1563570.0,1563570.0,1563570.0,1563570.0,1563570.0,1563570.0,1563570.0,1563570.0,1563570.0
1563540.0,1563540.0,1563540.0,1563540.0,1563540.0,1563540.0,1563540.0,1563540.0,1563540.0,1563540.0,1563540.0,1563540.0,1563540.0,1563540.0,1563540.0,1563540.0,1563540.0,1563540.0,1563540.0,1563540.0,1563540.0,1563540.0,1563540.0,1563540.0,1563540.0,1563540.0,1563540.0,1563540.0,1563540.0,1563540.0,1563540.0,1563540.0,1563540.0,1563540.0,1563540.0,1563540.0,1563540.0,1563540.0,1563540.0,1563540.0,1563540.0,1563540.0,1563540.0,1563540.0,1563540.0,1563540.0,1563540.0,1563540.0,1563540.0,1563540.0,1563540.0
1563510.0,1563510.0,1563510.0,1563510.0,1563510.0,1563510.0,1563510.0,1563510.0,1563510.0,1563510.0,1563510.0,1563510.0,1563510.0,1563510.0,1563510.0,1563510.0,1563510.0,1563510.0,1563510.0,1563510.0,1563510.0,1563510.0,1563510.0,1563510.0,1563510.0,1563510.0,1563510.0,1563510.0,1563510.0,1563510.0,1563510.0,1563510.0,1563510.0,1563510.0,1563510.0,1563510.0,1563510.0,1563510.0,1563510.0,1563510.0,1563510.0,1563510.0,1563510.0,1563510.0,1563510.0,1563510.0,1563510.0,1563510.0,1563510.0,1563510.0,1563510.0
1563480.0,1563480.0,1563480.0,1563480.0,1563480.0,1563480.0,1563480.0,1563480.0,1563480.0,1563480.0,1563480.0,1563480.0,1563480.0,1563480.0,1563480.0,1563480.0,1563480.0,1563480.0,1563480.0,1563480.0,1563480.0,1563480.0,1563480.0,1563480.0,1563480.0,1563480.0,1563480.0,1563480.0,1563480.0,1563480.0,1563480.0,1563480.0,1563480.0,1563480.0,1563480.0,1563480.0,1563480.0,1563480.0,1563480.0,1563480.0,1563480.0,1563480.0,1563480.0,1563480.0,1563480.0,1563480.0,1563480.0,1563480.0,1563480.0,1563480.0,1563480.0
